ACCELEROMETER X (m/s²),ACCELEROMETER Y (m/s²),ACCELEROMETER Z (m/s²),GRAVITY X (m/s²),GRAVITY Y (m/s²),GRAVITY Z (m/s²),LINEAR ACCELERATION X (m/s²),LINEAR ACCELERATION Y (m/s²),LINEAR ACCELERATION Z (m/s²),GYROSCOPE X (rad/s),GYROSCOPE Y (rad/s),GYROSCOPE Z (rad/s),LIGHT (lux),MAGNETIC FIELD X (μT),MAGNETIC FIELD Y (μT),MAGNETIC FIELD Z (μT),ORIENTATION Z (azimuth °),ORIENTATION X (pitch °),ORIENTATION Y (roll °),PROXIMITY (i),ATMOSPHERIC PRESSURE (hPa),SOUND LEVEL (dB),LOCATION Latitude : ,LOCATION Longitude : ,LOCATION Altitude ( m),LOCATION Altitude-google ( m),LOCATION Altitude-atmospheric pressure ( m),LOCATION Speed ( Kmh),LOCATION Accuracy ( m),LOCATION ORIENTATION (°),Satellites in range,Time since start in ms ,YYYY-MO-DD HH-MI-SS_SSS
-0.7394,-0.0425,7.8754,-0.1258,0.2206,9.8034,-0.8371,-0.9139,2.946,-0.0796,-0.0354,0.5157,0,11.06,14.25,-39.96,324.86,-1.29,0.74,5,994.7,52.168,46.16276,15.870413,766.87,NaN,,4.32,12.226105,337.4,15 / 21,8,2022-07-31 21:26:34:505
2.0357,0.402,10.1533,0.3297,0.2886,9.7969,0.0808,-0.9149,2.8009,-0.4035,0.4898,0.0195,0,9.26,15.83,-41.47,335.07,-5.61,-0.36,5,994.71,53.972,46.16276,15.870413,766.87,NaN,,4.32,12.226105,337.4,15 / 21,508,2022-07-31 21:26:35:005
-2.3204,-1.8658,11.2445,-0.1413,0.2071,9.8034,0.2221,0.6888,2.0903,-0.5081,0.2218,0.2183,0,9.11,18.06,-40.39,335.92,-1.21,0.83,5,994.69,46.748,46.16277,15.8704,763.12,NaN,,4.28,12.226105,336.7,16 / 21,1008,2022-07-31 21:26:35:505
0.9685,3.1352,8.5484,-0.4073,2.4892,9.4767,0.7052,0.0084,0.1931,1.295,0.119,-0.5036,0,10.09,14.78,-40.74,341.79,-14.7,2.46,5,994.7,47.646,46.16277,15.8704,763.12,NaN,,4.28,12.226105,336.7,16 / 21,1508,2022-07-31 21:26:36:005
-1.7641,-0.6114,12.8435,-1.4324,2.2741,9.4312,-0.2214,0.5205,3.3543,-0.0606,-0.6516,-0.0222,0,15.24,10.52,-41.49,337.19,-13.41,8.64,5,994.68,56.467,46.162773,15.870388,758.44,NaN,,4.21,12.226105,342,16 / 21,2008,2022-07-31 21:26:36:505
1.4183,0.9631,10.9071,0.59,1.5802,9.6605,0.884,-0.0723,1.9637,0.2572,-0.3978,-0.4787,0,8.42,13.37,-42.17,334.22,-7.41,-1.14,5,994.76,61.117,46.162773,15.870388,758.44,NaN,,4.21,12.226105,342,16 / 21,2508,2022-07-31 21:26:37:005
-0.6203,2.6764,11.8152,0.6837,2.1187,9.5506,-0.5406,1.1746,-2.3389,-0.3341,0.3548,-0.0193,0,7.59,12.83,-44.04,333.24,-12.48,-4.09,5,994.66,45.94,46.16278,15.87038,763.95,NaN,,4.21,12.226105,348.2,16 / 21,3008,2022-07-31 21:26:37:505
1.4608,0.1866,12.8064,0.2234,0.4075,9.7956,-0.3731,0.1329,-2.293,-0.2857,0.04,0.3797,0,7.74,15.54,-42.92,333.19,-2.38,-1.31,5,994.67,42.956,46.16278,15.87038,763.95,NaN,,4.21,12.226105,348.2,16 / 21,3508,2022-07-31 21:26:38:005
-1.8168,1.5709,12.8985,0.7537,0.4017,9.7694,-1.3964,1.1018,-1.5952,-0.1678,0.3422,-0.0305,0,4.95,20.36,-40.67,339.39,-2.35,-4.41,5,994.78,53.717,46.162792,15.870374,764.24,NaN,,4.21,12.860219,349.4,16 / 21,4008,2022-07-31 21:26:38:505
0.9488,1.5751,10.0307,0.2441,1.7589,9.6445,0.4175,-0.5835,-1.603,0.368,0.0545,0.0273,0,9.54,18.79,-41.72,337.66,-5.97,0.59,5,994.6,55.72,46.162792,15.870374,764.24,NaN,,4.21,12.860219,349.4,16 / 21,4508,2022-07-31 21:26:39:005
-0.74,3.2483,9.3021,0.4789,1.7724,9.6333,0.347,-0.678,-2.5211,-0.0516,-0.5612,0.1074,0,9,12.53,-43.99,331.58,-10.41,-2.85,5,994.69,45.269,46.162796,15.87036,765.11,NaN,,4.64,12.226105,325.1,16 / 21,5008,2022-07-31 21:26:39:505
0.7968,1.2066,7.9681,-0.1047,1.4964,9.6912,0.7398,-0.8323,-4.5198,0.3008,-0.0121,0.481,0,9.6,14.38,-42.81,334.96,-8.78,0.62,5,994.68,56.767,46.162796,15.87036,765.11,NaN,,4.64,12.226105,325.1,16 / 21,5508,2022-07-31 21:26:40:005
-0.9823,3.5025,8.9683,0.7262,1.0911,9.7187,-0.3287,0.6142,-3.5876,0.0142,-0.1257,-0.1794,0,6.84,14.83,-43.01,332.57,-6.39,-4.27,5,994.67,52.094,46.162804,15.870354,762.06,NaN,,4.46,12.226105,343.1,16 / 21,6008,2022-07-31 21:26:40:505
0.6736,0.8997,7.212,-0.4963,1.0542,9.7372,0.9807,-0.7275,-4.797,0.3068,0.1093,0.6422,0,5.4,16.41,-42.84,346.09,-3.96,0.41,5,994.7,54.961,46.162804,15.870354,762.06,NaN,,4.46,12.226105,343.1,16 / 21,6508,2022-07-31 21:26:41:005
0.9535,4.0134,6.1567,0.612,0.8073,9.7542,0.39,0.5197,-2.9533,0.5864,-0.4133,0.0963,0,7.43,13.69,-43.63,330.94,-4.72,-3.59,5,994.67,56.839,46.162815,15.870347,760.79,NaN,,4.28,12.226105,335.6,16 / 21,7008,2022-07-31 21:26:41:505
0.3476,1.002,7.4596,-0.2694,1.2788,9.7192,0.1877,-0.8275,-1.5011,-0.2624,-0.3151,0.3436,0,7.61,11.83,-43.93,339.01,-7.49,1.59,5,994.72,55.229,46.162815,15.870347,760.79,NaN,,4.28,12.226105,335.6,16 / 21,7508,2022-07-31 21:26:42:005
-0.0377,0.9218,8.5866,-0.2124,0.4925,9.792,0.2889,0.1571,-1.0792,0.1988,0.0035,0.0324,0,12,13.8,-42.56,325.59,-2.88,1.24,5,994.69,50.212,46.162823,15.870335,756.54,NaN,,4,12.320108,338.8,16 / 21,8008,2022-07-31 21:26:42:505
-0.4475,-0.2596,7.188,-0.1752,0.5543,9.7894,0.7195,-0.1194,-0.6346,0.1135,-0.0128,0.1177,0,11.98,15.92,-41.79,329.17,-3.4,1.32,5,994.72,48.439,46.162823,15.870335,756.54,NaN,,4,12.320108,338.8,16 / 21,8508,2022-07-31 21:26:43:005
1.1683,0.9248,8.2205,0.2975,0.1099,9.8015,-0.3238,-0.5349,3.8119,0.3005,0.1109,-0.1184,0,11.25,16.22,-41.98,323.31,-0.64,-1.74,5,994.7,52.417,46.16283,15.870322,756.99,NaN,,4.46,12.667072,322.4,17 / 21,9008,2022-07-31 21:26:43:505
0.7089,0.2273,8.8594,-0.1732,0.2852,9.801,-0.9206,-0.9652,5.6804,0.1442,0.2469,0.2879,0,9.38,18.28,-41.34,336.67,-1.67,1.01,5,994.73,52.89,46.16283,15.870322,756.99,NaN,,4.46,12.667072,322.4,17 / 21,9508,2022-07-31 21:26:44:005
1.4859,-0.1364,9.786,0.3469,-0.4576,9.7898,-0.1146,-0.6059,3.1809,-0.1309,0.4318,-0.4801,0,8.68,19.39,-40.61,328.55,2.67,-2.03,5,994.69,54.907,46.162846,15.870315,756.36,NaN,,4.64,12.806872,340.9,17 / 21,10008,2022-07-31 21:26:44:505
0.5677,-0.2136,9.2997,-0.1447,0.0801,9.8053,-1.1475,-1.4875,6.2854,0.1731,0.6149,0.442,0,5.53,22.16,-39.94,345.88,-3.89,-0.29,5,994.73,56.253,46.162846,15.870315,756.36,NaN,,4.64,12.806872,340.9,17 / 21,10507,2022-07-31 21:26:45:004
-0.6341,-0.21,12.1615,0.7658,0.8472,9.7399,1.5602,-0.8644,0.9221,-0.0835,0.2304,-0.1855,0,4.31,18.71,-40.95,342.2,-4.96,-4.5,5,994.7,60.198,46.162857,15.870305,755.12,NaN,,4.64,13.145742,321.7,17 / 21,11009,2022-07-31 21:26:45:506
-2.814,0.5533,14.1374,-0.1697,1.1059,9.7426,-1.2636,0.7792,1.5011,-0.1836,0.6093,0.3826,0,2.06,18.86,-40.91,356.87,-6.48,1,5,994.69,62.276,46.162857,15.870305,755.12,NaN,,4.64,13.145742,321.7,17 / 21,11508,2022-07-31 21:26:46:005
-0.6191,0.07,14.4556,0.573,0.8608,9.752,0.571,-1.1603,2.538,-0.1277,-0.3359,-0.1331,0,6.54,15.9,-42,334.24,-5.04,-3.36,5,994.7,57.535,46.162865,15.870298,753.19,NaN,,4.39,13.270886,334.1,17 / 21,12008,2022-07-31 21:26:46:505
-1.3172,1.386,13.5721,-0.5671,0.982,9.7409,-1.4838,0.0429,2.8208,-0.3269,0.4834,0.2199,0,4.54,16.48,-42.51,345.5,-5.71,-0.3,5,994.68,54.172,46.162865,15.870298,753.19,NaN,,4.39,13.270886,334.1,17 / 21,12508,2022-07-31 21:26:47:005
1.3866,-0.2189,12.8608,-0.1635,1.4305,9.7004,0.3533,-0.7357,-1.7313,-0.8793,-0.2792,-0.4875,0,10.65,15.53,-42.13,334.91,-8.39,0.97,5,994.68,55.464,46.162876,15.870292,753.07,NaN,,4.36,13.707881,334.1,16 / 21,13008,2022-07-31 21:26:47:505
-1.2574,1.5733,9.9823,-0.345,1.1475,9.7332,0.2238,1.5845,-0.6385,-0.0208,0.2853,0.0042,0,11.21,15.92,-41.74,335.49,-6.72,2.03,5,994.7,52.045,46.162876,15.870292,753.07,NaN,,4.36,13.707881,334.1,16 / 21,13507,2022-07-31 21:26:48:004
1.1324,0.7208,12.2848,-0.0942,1.3556,9.712,1.398,0.1635,-0.4231,0.0841,-0.5487,-0.2752,0,14.64,14.63,-40.84,324.6,-7.95,0.56,5,994.72,50.331,46.162888,15.870281,752.95,NaN,,4.72,14.049879,326.1,15 / 21,14008,2022-07-31 21:26:48:505
-1.3352,2.2463,12.6515,-0.229,0.8407,9.7679,0.14,-0.316,-2.7462,-0.0074,-0.3054,0.1439,0,12.06,14.57,-41.29,329.16,-4.92,1.34,5,994.66,52.616,46.162888,15.870281,752.95,NaN,,4.72,14.049879,326.1,15 / 21,14508,2022-07-31 21:26:49:005
1.2526,1.267,11.3456,-0.712,1.0506,9.7242,1.7642,-0.5128,-3.9551,0.0506,-0.4317,-0.2314,0,12.32,16.5,-40.8,335.19,-3.42,4.16,5,994.68,60.442,46.1629,15.870269,752.57,NaN,,4.5,13.965014,324.1,13 / 21,15008,2022-07-31 21:26:49:505
-2.0506,2.5735,8.5675,-0.3048,1.165,9.7324,-0.0042,0.5397,-4.1442,-0.0744,-0.202,-0.3264,0,11.04,15.54,-41.19,334.97,-6.82,1.79,5,994.65,54.774,46.1629,15.870269,752.57,NaN,,4.5,13.965014,324.1,13 / 21,15508,2022-07-31 21:26:50:005
0.4128,1.057,7.0062,-0.6334,1.6884,9.6394,1.605,-0.4818,-3.6249,0.0628,-0.0754,-0.0839,0,11.7,16.24,-40.76,337.96,-9.91,3.76,5,994.67,55.605,46.16291,15.870262,751.24,NaN,,4.86,13.105289,343.2,15 / 21,16008,2022-07-31 21:26:50:505
-2.927,2.2014,9.5396,-0.5135,0.6279,9.773,-0.4188,-0.1667,-1.8292,-0.1366,-0.5544,-0.2968,0,9.71,15.06,-41.32,336.03,-3.67,3.01,5,994.64,51.4,46.16291,15.870262,751.24,NaN,,4.86,13.105289,343.2,15 / 21,16509,2022-07-31 21:26:51:006
0.186,0.1639,8.4748,-0.9859,0.881,9.7171,0.8274,-1.3682,-2.7302,0.3946,0.4894,0.4384,0,7.24,18.34,-40.52,351.18,-4.21,5.19,5,994.67,48.324,46.162926,15.870252,749.13,NaN,,4.82,12.618021,336.6,15 / 21,17008,2022-07-31 21:26:51:505
-0.7783,1.2311,9.2285,-0.3559,0.726,9.7733,-0.4721,0.3967,-2.7093,0.2628,-0.2629,0.1032,0,7.54,16.71,-40.84,339.55,-1.94,1.6,5,994.68,48.667,46.162926,15.870252,749.13,NaN,,4.82,12.618021,336.6,15 / 21,17508,2022-07-31 21:26:52:005
1.0277,0.9643,5.3127,-0.8632,1.037,9.7134,1.2121,-0.5957,-3.7752,0.2711,-0.2667,0.7075,0,11.08,17.44,-41.16,341.04,-6.07,5.08,5,994.66,48.575,46.162937,15.870244,748.6,NaN,,4.9,12.226105,343.8,15 / 20,18008,2022-07-31 21:26:52:505
-0.4074,1.3609,7.794,0.8217,0.7374,9.7443,0.457,-0.526,-0.0473,-0.1835,1.532,0.2526,0,8.81,15.69,-42.34,326.73,-4.31,-4.82,5,994.68,47.439,46.162937,15.870244,748.6,NaN,,4.9,12.226105,343.8,15 / 20,18508,2022-07-31 21:26:53:005
-0.1974,1.0905,7.322,-1.5922,1.0425,9.6202,1.1084,-0.5477,1.454,0.1044,-0.837,0.3738,0,14.53,15.98,-39.39,351.8,-7.5,16.82,5,994.69,56.587,46.162952,15.870234,747.26,NaN,,4.97,12.226105,336,15 / 20,19007,2022-07-31 21:26:53:504
-1.797,0.6066,7.3095,-1.6093,0.5034,9.6606,1.0881,0.233,0.2917,0.0683,-0.3964,-0.2053,0,13.95,14.21,-40.11,340.91,-5.51,10.86,5,994.69,60.433,46.162952,15.870234,747.26,NaN,,4.97,12.226105,336,15 / 20,19508,2022-07-31 21:26:54:005
-0.4205,-0.3278,3.0347,-0.4245,1.7641,9.6373,1.1395,0.4751,-1.6123,0.6452,-0.694,0.2908,0,12.6,15.15,-41.02,336.49,-5.48,6.54,5,994.72,51.329,46.16296,15.870209,747.96,NaN,,5.11,12.226105,326.5,16 / 21,20007,2022-07-31 21:26:54:504
-0.6508,-0.9607,6.7095,-0.0018,-0.626,9.7866,-0.1264,-1.7387,4.1613,0.1854,0.2246,-0.4158,0,13.84,17.31,-40.43,315.98,3.1,-0.46,5,994.75,50.221,46.16296,15.870209,747.96,NaN,,5.11,12.226105,326.5,16 / 21,20508,2022-07-31 21:26:55:005
0.0586,-0.4128,7.5093,-1.0567,-0.513,9.736,-2.6,-2.0821,4.9894,0.2631,0.4778,0.649,0,12.04,21.53,-38.34,339.83,0.38,5.96,5,994.68,51.181,46.16297,15.870191,747.61,NaN,,5.08,12.226105,325,15 / 21,21008,2022-07-31 21:26:55:505
-1.203,-0.8471,7.7145,-1.1167,-1.016,9.6897,-1.5468,-0.9827,1.7567,0.2147,0.328,-0.3012,0,15.49,20.57,-37.82,326.36,3.21,3.72,5,994.7,47.69,46.16297,15.870191,747.61,NaN,,5.08,12.226105,325,15 / 21,21507,2022-07-31 21:26:56:004
0.6138,-0.1334,7.6564,-1.3125,-0.1456,9.7173,-0.4589,-2.0059,2.4383,0.9219,-0.1683,0.9915,0,12.43,22.11,-37.74,345.94,0.98,9.82,5,994.7,49.023,46.162987,15.870177,747.29,NaN,,5.08,12.226105,331.2,14 / 20,22008,2022-07-31 21:26:56:505
1.5464,0.3852,8.8905,0.2911,0.4421,9.7924,1.1898,-0.1842,1.9629,0.3708,0.1643,-0.0685,0,10.2,16.24,-39.79,340.5,-5.76,4.15,5,994.78,50.635,46.162987,15.870177,747.29,NaN,,5.08,12.226105,331.2,14 / 20,22508,2022-07-31 21:26:57:005
-0.8704,-0.9918,11.4329,-0.1615,0.3865,9.7977,-1.1052,0.8456,3.1833,-0.6895,0.1112,-0.0949,0,10.69,19.67,-39.84,334.28,-1.97,1.01,5,994.69,48.075,46.163,15.870152,750.43,NaN,,5.4,12.226105,313.4,15 / 20,23008,2022-07-31 21:26:57:505
-1.9669,-0.6233,14.7332,0.2508,-0.214,9.8011,0.3212,-0.0184,3.5603,-0.7391,0.047,-0.7059,0,11.4,19.29,-39.81,336.37,-3.05,2.5,5,994.71,44.791,46.163,15.870152,750.43,NaN,,5.4,12.226105,313.4,15 / 20,23507,2022-07-31 21:26:58:004
-2.071,2.9838,12.8142,-0.3513,1.2941,9.7145,-1.9702,0.8554,2.6216,-0.811,0.2577,0.1655,0,9.32,18.02,-40.86,338.5,-8.07,-0.4,5,994.68,41.608,46.16301,15.870136,749.24,NaN,,5.22,12.226105,324.4,14 / 21,24007,2022-07-31 21:26:58:504
-3.8016,-2.3701,13.9771,0.2582,1.04,9.7479,1.8726,-0.7075,0.0663,-0.858,1.3685,-0.9212,0,7.09,13.5,-41.83,346.61,-7.46,3.24,5,994.7,47.734,46.16301,15.870136,749.24,NaN,,5.22,12.226105,324.4,14 / 21,24508,2022-07-31 21:26:59:005
-2.5011,0.2243,15.0521,-0.005,0.1728,9.8051,-1.975,1.5021,3.8566,0.2085,0.055,0.3596,0,-1.33,16.78,-38.74,0.49,1.38,-1.27,5,994.71,36.936,46.163017,15.870122,748.22,NaN,,5.08,12.226105,322.9,14 / 21,25008,2022-07-31 21:26:59:505
1.9466,-0.4307,10.3053,0.2993,0.2828,9.798,1.4566,-1.3168,1.8238,-0.2161,-0.5851,-0.2903,0,4.33,14.55,-39.81,355.93,-5.61,3.8,5,994.68,39.793,46.163017,15.870122,748.22,NaN,,5.08,12.226105,322.9,14 / 21,25508,2022-07-31 21:27:00:005
-3.923,-0.2722,13.544,-0.5122,-0.1333,9.7924,-2.8084,-0.0359,3.1084,0.0208,0.7738,0.7119,0,6.45,21.39,-39.39,339.03,1.32,-2.51,5,994.68,51.004,46.16303,15.870108,747.6,NaN,,5.29,12.226105,318.9,15 / 21,26008,2022-07-31 21:27:00:505
1.6534,-0.0963,9.3494,0.1038,0.8561,9.7687,1.8631,-0.9886,-0.1225,-0.4072,0.0819,-0.7457,0,9.54,20.25,-39.28,341.5,-0.72,4.58,5,994.64,38.01,46.16303,15.870108,747.6,NaN,,5.29,12.226105,318.9,15 / 21,26508,2022-07-31 21:27:01:005
-2.3611,0.792,12.4869,-0.1222,0.4303,9.7964,-1.2951,1.0024,-0.4417,0.1493,-0.241,0.1991,0,9.58,18.19,-40.12,332.4,-0.04,0.82,5,994.67,33.592,46.163033,15.870097,743.97,NaN,,5.22,12.226105,316,15 / 21,27009,2022-07-31 21:27:01:506
1.054,0.0491,10.1402,-0.3587,1.143,9.7332,1.9334,-1.1193,-0.3555,-0.1797,0.7372,-0.0132,0,11.96,15.36,-40.12,335.98,-6.06,4.85,5,994.63,36.856,46.163033,15.870097,743.97,NaN,,5.22,12.226105,316,15 / 21,27509,2022-07-31 21:27:02:006
-1.8688,2.0704,10.797,-0.5332,-0.1311,9.7913,-0.5919,0.8215,-3.3223,-0.1355,0.0132,0.3006,0,14.03,17.4,-39.37,324.24,0.77,3.12,5,994.67,35.887,46.163048,15.870084,745.59,NaN,,5.47,12.226105,320.4,15 / 21,28008,2022-07-31 21:27:02:505
0.8656,-0.9476,11.0237,-0.798,0.7244,9.7472,1.3794,-0.8785,-4.4945,0.3528,-1.0631,0.224,0,14.29,19.99,-38.18,332.28,1.72,6.09,5,994.61,42.617,46.163048,15.870084,745.59,NaN,,5.47,12.226105,320.4,15 / 21,28509,2022-07-31 21:27:03:006
-0.6114,3.1741,9.6473,1.049,0.6214,9.7306,-1.1718,0.118,-1.2461,0.66,-0.0518,-0.0476,0,10.99,14.93,-40.8,318.55,0.42,-2.79,5,994.65,41.076,46.163055,15.870067,746.16,NaN,,5.26,12.226105,318.1,15 / 21,29007,2022-07-31 21:27:03:504
0.7149,0.3667,7.4429,-0.2933,0.9638,9.7548,1.2583,-0.8136,-4.4638,0.2135,-0.1435,0.0418,0,12.69,15.88,-40.46,326.97,-1.71,2.58,5,994.64,34.832,46.163055,15.870067,746.16,NaN,,5.26,12.226105,318.1,15 / 21,29508,2022-07-31 21:27:04:005
-0.4158,1.462,7.8592,-0.2353,-0.7028,9.7786,0.386,0.8463,-1.0642,0.5532,-0.572,0.0929,0,12.96,17.57,-39.15,321.46,4.11,1.38,5,994.64,38.912,46.163063,15.870049,747.19,NaN,,5.47,12.226105,318.3,15 / 21,30008,2022-07-31 21:27:04:505
0.265,0.1681,7.1611,-0.6908,0.8985,9.7409,0.9534,-1.5587,-3.3097,0.7282,0.4324,0.1258,0,12.41,17.85,-39.11,332.7,-1.85,3,5,994.62,46.142,46.163063,15.870049,747.19,NaN,,5.47,12.226105,318.3,15 / 21,30508,2022-07-31 21:27:05:005
0.4439,2.4676,8.1398,-0.2929,0.1439,9.8012,-0.2068,0.1658,-3.7157,-0.1222,0.3396,-0.0901,0,13.03,15.02,-40.03,319.97,0.05,0.62,5,994.65,34.685,46.163074,15.87003,747.92,NaN,,5.29,12.226105,317.3,15 / 21,31008,2022-07-31 21:27:05:505
1.1892,-0.146,6.9027,-0.4862,0.5606,9.7785,1.6877,-0.821,-3.0279,0.6341,-0.4607,0.0564,0,12.9,18.88,-38.25,336.53,0.18,7.11,5,994.64,38.19,46.163074,15.87003,747.92,NaN,,5.29,12.226105,317.3,15 / 21,31509,2022-07-31 21:27:06:006
-0.2142,0.6419,5.5047,-0.1198,-0.3831,9.7984,1.0742,0.8753,-0.6316,0.3649,-0.2011,-0.2639,0,9.51,17.16,-39.56,328.34,2.24,0.7,5,994.64,38.34,46.16309,15.870013,751.81,NaN,,5.44,12.226105,330.2,15 / 21,32007,2022-07-31 21:27:06:504
1.0451,0.1663,5.2881,-0.6757,0.5513,9.7678,1.6098,-0.4788,-1.1972,0.2268,0.2192,-0.0239,0,8.12,18.21,-39.3,343.75,-3.04,3.15,5,994.64,53.089,46.16309,15.870013,751.81,NaN,,5.44,12.226105,330.2,15 / 21,32508,2022-07-31 21:27:07:005
0.0724,1.4596,6.0311,-0.094,-0.0887,9.8058,0.3698,0.7074,-1.6659,-0.1545,0.254,-0.449,0,8.59,16.24,-40.73,327.08,-1.05,-2.58,5,994.65,42.286,46.1631,15.869999,753.67,NaN,,5.36,12.226105,333.6,15 / 21,33008,2022-07-31 21:27:07:505
0.3434,0.0245,6.399,-0.6224,0.8637,9.7487,0.7215,-0.8449,-2.6949,0.8347,0.1661,0.4643,0,6.13,19.89,-39.43,346.6,-1.44,1.47,5,994.66,51.008,46.1631,15.869999,753.67,NaN,,5.36,12.226105,333.6,15 / 21,33508,2022-07-31 21:27:08:005
0.3218,0.6,7.8844,0.0917,-0.263,9.8027,-1.177,-0.8757,3.8,0.3967,0.2599,-0.0122,0,6.39,17.74,-40.18,339.36,1.54,-0.54,5,994.64,52.781,46.163113,15.869987,755.02,NaN,,5.4,12.226105,337.6,15 / 21,34007,2022-07-31 21:27:08:504
0.4499,-0.0712,4.9119,-0.5174,0.7196,9.7665,-0.425,-1.0279,1.2774,-0.082,0.446,0.2892,0,4.37,18.88,-39.49,348.61,-7.84,-1.27,5,994.66,46.5,46.163113,15.869987,755.02,NaN,,5.4,12.226105,337.6,15 / 21,34508,2022-07-31 21:27:09:005
-0.0999,0.2022,8.6973,0.5852,-0.3791,9.7818,0.016,0.365,0.9033,-0.3093,0.1799,-0.3255,0,5.89,17.74,-40.28,332.48,-1.91,-5.86,5,994.65,49.037,46.163128,15.869974,755.97,NaN,,5.44,12.226105,338.8,15 / 21,35008,2022-07-31 21:27:09:505
-0.539,-0.7274,9.4193,-0.7924,0.0464,9.7745,1.021,-0.2498,-1.5827,-0.1534,-0.1216,0.1576,0,2.64,22.31,-38.79,356.32,-2.4,2.17,5,994.68,52.569,46.163128,15.869974,755.97,NaN,,5.44,12.226105,338.8,15 / 21,35508,2022-07-31 21:27:10:005
1.3161,0.4929,8.4108,0.7925,-0.0242,9.7745,-0.0078,-0.4211,3.4737,0.0032,-0.2592,-0.1768,0,2.49,19.88,-40.46,345.29,0.14,-4.64,5,994.65,57.843,46.16314,15.869965,756.58,NaN,,5.72,12.226105,356.1,15 / 21,36008,2022-07-31 21:27:10:505
0.2429,-0.4247,9.0341,-0.4436,-0.1295,9.7958,-1.8292,-0.5051,6.9075,0.0692,0.0982,0.5905,0,-0.88,21.26,-39.81,1.47,-2.58,-0.6,5,994.69,50.609,46.16314,15.869965,756.58,NaN,,5.72,12.226105,356.1,15 / 21,36507,2022-07-31 21:27:11:004
0.8578,0.3948,9.7968,0.0207,-0.5669,9.7902,-1.0722,-0.6211,3.7336,-0.8049,0.7676,-0.9039,0,2.4,19.71,-40.05,352.29,-3.17,-1.44,5,994.66,53.204,46.163155,15.869955,759.52,NaN,,5.51,12.226105,349,15 / 21,37008,2022-07-31 21:27:11:505
-1.1456,-0.7813,11.3061,-0.9968,-0.2906,9.7515,-1.1765,-1.2291,3.106,0.1635,0.337,0.4422,0,0.54,23.51,-38.62,0.41,-1.16,1.73,5,994.69,50.306,46.163155,15.869955,759.52,NaN,,5.51,12.226105,349,15 / 21,37507,2022-07-31 21:27:12:004
0.9529,0.3727,9.4594,0.2902,0.457,9.7917,1.2209,-0.7435,1.1023,-0.3593,0.2144,-0.1646,0,3.96,20.7,-40.74,347.17,-2.67,-1.7,5,994.69,54.292,46.163174,15.869945,761.58,NaN,,5.76,12.226105,337.1,15 / 21,38008,2022-07-31 21:27:12:505
-1.8162,-1.4249,10.7348,-0.4405,0.4167,9.7879,-1.3544,1.0337,2.0746,-0.7466,0.0858,0.1573,0,1.91,22.14,-39.94,354.66,-2.28,-0.29,5,994.69,55.162,46.163174,15.869945,761.58,NaN,,5.76,12.226105,337.1,15 / 21,38508,2022-07-31 21:27:13:005
-2.7793,-0.9398,15.1232,-0.191,0.3198,9.7996,-0.3062,0.294,2.9628,-0.7411,0.049,-0.7443,0,7.52,19.39,-41.06,344.17,-5.05,2.23,5,994.68,54.721,46.163185,15.869934,763.34,NaN,,5.62,12.226105,346.5,15 / 21,39008,2022-07-31 21:27:13:505
1.6816,1.7773,15.0664,-0.8128,0.8924,9.7321,1.1817,0.3296,3.8073,-0.3024,-0.2203,-0.0211,0,10.63,19.22,-40.74,345.61,-5.63,7.01,5,994.69,53.14,46.163185,15.869934,763.34,NaN,,5.62,12.226105,346.5,15 / 21,39508,2022-07-31 21:27:14:005
-2.5639,-1.8185,12.9314,-0.4981,0.4496,9.7837,-0.2592,-0.77,3.021,-0.3376,0.6797,-0.89,0,11.03,19.48,-40.57,336.91,-2.63,2.91,5,994.69,52.435,46.1632,15.869928,762.1,NaN,,5.54,12.226105,351.3,15 / 21,40008,2022-07-31 21:27:14:505
-4.5649,-1.124,16.5649,-1.0712,0.2889,9.7437,-2.4325,0.3397,2.9281,-0.2387,0.4643,-0.0037,0,5.27,22.95,-40.65,353.11,-2.3,2.82,5,994.67,51.536,46.1632,15.869928,762.1,NaN,,5.54,12.226105,351.3,15 / 21,40508,2022-07-31 21:27:15:005
0.0132,-0.1986,13.952,-0.0422,0.3849,9.799,0.9644,-1.5073,0.6235,-0.6213,-0.5048,-0.7597,0,5.76,21.36,-41.44,353.62,-4.83,4.55,5,994.7,54.821,46.163216,15.869922,760.83,NaN,,5.62,12.226105,345.7,13 / 20,41007,2022-07-31 21:27:15:504
-2.3115,2.6524,13.7007,-0.8074,0.4987,9.7606,-1.5896,2.067,3.6388,-0.0193,-0.1956,0.5293,0,-1.39,22.78,-40.46,5.84,-1.37,2.08,5,994.69,49.575,46.163216,15.869922,760.83,NaN,,5.62,12.226105,345.7,13 / 20,41509,2022-07-31 21:27:16:006
-0.6389,-1.5577,15.7729,-1.3603,1.189,9.6388,2.6871,-2.0356,0.1206,-1.1065,-0.5095,-1.3656,0,2.4,19.84,-41.44,8.59,-6.96,8.03,5,994.7,58.504,46.16323,15.869923,759.39,NaN,,5.62,12.226105,349.1,13 / 19,42012,2022-07-31 21:27:16:509
-5.0369,-1.139,12.9368,-1.8181,-0.474,9.625,-1.6933,2.54,1.4752,-0.3437,0.7834,-0.4808,0,-0.51,22.71,-39.86,22.09,6.31,9.41,5,994.68,57.101,46.16323,15.869923,759.39,NaN,,5.62,12.226105,349.1,13 / 19,42508,2022-07-31 21:27:17:005
-1.9095,-3.5815,13.9208,-3.1058,-0.8778,9.2603,1.6755,-2.3321,3.3214,-0.1274,-0.1775,-0.5177,0,8.78,27.79,-35.42,12.93,2.86,24,5,994.7,56.11,46.163246,15.869926,756.61,NaN,,5.62,12.226105,352.8,14 / 19,43008,2022-07-31 21:27:17:505
-6.3757,-0.3607,12.7119,-1.5986,-0.8684,9.6364,-1.8657,1.9336,-1.3145,-0.3265,0.8243,0.0843,0,6.77,28.44,-35.78,357.64,5.08,9.42,5,994.66,52.037,46.163246,15.869926,756.61,NaN,,5.62,12.226105,352.8,14 / 19,43508,2022-07-31 21:27:18:005
0.5372,-0.1448,13.9125,-2.6829,0.4133,9.4235,2.6214,-0.7485,-1.6356,-0.167,-1.7168,-0.4539,0,10.93,23.21,-38.18,359.59,-2.42,15.89,5,994.7,54.646,46.163265,15.869934,754.82,NaN,,5.76,12.226105,349.8,14 / 20,44008,2022-07-31 21:27:18:505
-1.4333,0.4798,14.0501,-1.5092,-0.5043,9.6767,-4.1194,1.3656,2.0671,0.0094,-0.128,0.3524,0,4.76,22.84,-39.23,349.61,2.72,1.65,5,994.64,52.887,46.163265,15.869934,754.82,NaN,,5.76,12.226105,349.8,14 / 20,44508,2022-07-31 21:27:19:005
0.8847,-0.5486,10.6445,-0.8624,0.648,9.7471,2.1047,-1.3437,0.8273,0.0937,-0.3685,-0.2719,0,-2.68,22.26,-39.09,18.75,-3.36,7.73,5,994.69,55.199,46.16328,15.869942,754.33,NaN,,5.62,12.226105,353.1,14 / 19,45008,2022-07-31 21:27:19:505
-1.9765,1.0756,11.8086,-0.3558,-0.0445,9.8001,-0.7892,1.5735,-2.2808,0.1618,0.2468,0.4453,0,0.34,22.61,-39.88,3.64,0.26,2.08,5,994.64,55.046,46.16328,15.869942,754.33,NaN,,5.62,12.226105,353.1,14 / 19,45507,2022-07-31 21:27:20:004
0.5276,-0.0724,12.2746,-0.6229,1.2338,9.7088,1.1789,-0.4192,-2.8114,0.1337,-0.3293,0.3105,0,1.07,19.8,-41.21,3.72,-7.23,3.67,5,994.68,48.332,46.163296,15.869949,754.06,NaN,,5.65,12.226105,356,15 / 19,46007,2022-07-31 21:27:20:504
-3.3924,0.941,12.7669,-0.313,0.6755,9.7783,-0.4097,1.5334,-2.1616,-0.0402,-0.0243,0.0402,0,1.61,20.21,-41.91,359.54,0.05,2.51,5,994.64,48.385,46.163296,15.869949,754.06,NaN,,5.65,12.226105,356,15 / 19,46507,2022-07-31 21:27:21:004
1.6134,-0.3248,8.5226,-0.7717,1.2969,9.6898,0.9194,-0.9701,-1.8656,0.1945,-0.0157,0.3734,0,1.11,21.43,-40.95,6.92,-4.69,5.52,5,994.63,57.44,46.16331,15.869954,752.61,NaN,,5.65,12.226105,353.2,17 / 20,47008,2022-07-31 21:27:21:505
-2.7374,1.3035,9.4953,1.1581,0.9993,9.6866,-1.6248,-0.6757,-2.564,-0.3538,0.2344,-0.1363,0,-2.14,18.75,-41.77,352.62,-5.85,-6.82,5,994.65,54.906,46.16331,15.869954,752.61,NaN,,5.65,12.226105,353.2,17 / 20,47508,2022-07-31 21:27:22:005
1.0744,-1.1402,10.453,-0.4039,0.9382,9.7533,2.2826,0.1563,-4.4867,0.5623,-0.1281,0.3417,0,1.44,21.34,-40.67,1.61,-5.49,2.37,5,994.64,55.056,46.163334,15.869952,755.87,NaN,,6.01,12.226105,349.4,17 / 21,48008,2022-07-31 21:27:22:505
-2.6985,2.1649,14.1841,0.0684,0.1182,9.8057,-1.309,2.0558,-2.9737,0.0287,-0.1917,-0.3149,0,1.95,20.61,-40.99,350.59,2.18,-1.7,5,994.64,51.387,46.163334,15.869952,755.87,NaN,,6.01,12.226105,349.4,17 / 21,48508,2022-07-31 21:27:23:005
1.1815,1.5248,7.9621,-0.8106,1.39,9.6737,2.466,0.2278,-3.9116,-0.0053,0.0968,0.4241,0,0.49,20.25,-41.61,9.22,-3.72,5.03,5,994.64,54.255,46.16335,15.869952,755.74,NaN,,5.65,12.226105,350.9,17 / 21,49008,2022-07-31 21:27:23:505
-2.2367,2.1302,8.001,0.0563,0.2312,9.8038,0.0446,0.3951,-2.8024,0.079,-0.4466,-0.4498,0,3.26,19.39,-41.87,350.79,-1.35,-0.33,5,994.61,52.027,46.16335,15.869952,755.74,NaN,,5.65,12.226105,350.9,17 / 21,49508,2022-07-31 21:27:24:005
0.4128,1.0828,5.062,-1.4066,1.4947,9.5895,1.2333,-1.3854,-4.6313,0.5108,0.5318,0.7311,0,-1.56,18.81,-41.32,17.65,-8.77,8.34,5,994.63,57.386,46.163364,15.869952,755.53,NaN,,5.65,12.226105,354.8,17 / 21,50008,2022-07-31 21:27:24:505
-1.943,2.5872,9.5462,-0.0854,0.2586,9.8029,0.1749,1.5524,-2.5328,0.1634,-0.1969,-0.441,0,1.73,17.34,-41.59,359.3,0.83,2.45,5,994.65,55.17,46.163364,15.869952,755.53,NaN,,5.65,12.226105,354.8,17 / 21,50508,2022-07-31 21:27:25:005
1.1815,0.2542,7.6857,-0.4043,0.6839,9.7744,1.1855,-0.8453,-3.2201,0.3927,-0.2941,0.4251,0,-1.76,21.06,-39.94,12.19,-3.12,4.3,5,994.64,57.45,46.163376,15.869953,755.35,NaN,,5.62,12.226105,357.2,17 / 21,51007,2022-07-31 21:27:25:504
0.0467,1.0875,6.8154,0.1683,-0.1297,9.8043,1.6904,-0.0373,-1.7241,0.2356,-0.3664,0.2167,0,-1.16,20.89,-39.66,0.88,0.76,-0.98,5,994.64,43.486,46.163376,15.869953,755.35,NaN,,5.62,12.226105,357.2,17 / 21,51509,2022-07-31 21:27:26:006
0.481,0.7274,7.7719,-1.1245,0.2002,9.7399,1.4718,-0.0182,-2.7303,-0.1231,0.4186,0.02,0,-0.66,21.19,-38.57,14.09,-1.17,6.59,5,994.63,49.285,46.16339,15.869954,754.27,NaN,,5.69,12.226105,356.3,16 / 21,52007,2022-07-31 21:27:26:504
-0.3027,0.5378,6.387,-0.0686,-0.6729,9.7833,0.1654,0.6688,-1.9606,0.2996,0.0202,-0.2111,0,-0.09,21.96,-37.73,2.49,4.88,1.23,5,994.65,50.688,46.16339,15.869954,754.27,NaN,,5.69,12.226105,356.3,16 / 21,52509,2022-07-31 21:27:27:006
-0.2548,-1.1085,5.9037,-0.9404,0.2414,9.7585,0.395,-1.3114,-2.5775,0.5979,-0.0831,0.5993,0,0.04,25.71,-36.64,7.85,0.05,5.55,5,994.64,52.852,46.163406,15.869955,753.75,NaN,,5.87,12.226105,356.4,16 / 21,53008,2022-07-31 21:27:27:505
-0.4056,-0.3494,8.2947,0.0382,-0.332,9.801,-0.0038,-0.1509,-0.3321,0.3567,0.153,-0.1872,0,2.01,23.08,-39.37,354.33,1.94,-0.22,5,994.64,55.179,46.163406,15.869955,753.75,NaN,,5.87,12.226105,356.4,16 / 21,53508,2022-07-31 21:27:28:005
1.0391,0.052,5.0943,-0.8551,0.613,9.75,1.3555,-0.1784,-1.7886,0.3422,0.2888,0.6305,0,1.28,23.1,-40.39,5.61,-3.58,5.01,5,994.65,49.724,46.163425,15.869953,754.4,NaN,,5.83,12.226105,351.4,16 / 21,54009,2022-07-31 21:27:28:506
1.4728,1.0283,4.6319,0.041,-0.0588,9.8064,1.5541,0.3245,-1.2061,0.4202,0.1327,-0.1856,0,3.66,21.83,-40.84,345.42,1.07,-2.13,5,994.67,53.584,46.163425,15.869953,754.4,NaN,,5.83,12.226105,351.4,16 / 21,54508,2022-07-31 21:27:29:005
-0.6826,-0.2034,6.5468,-1.9461,0.3988,9.6033,1.8242,-0.1888,-2.6787,0.0406,0.487,0.2253,0,0.43,22.28,-40.8,10.28,-0.99,5.77,5,994.59,40.436,46.16344,15.869948,754.89,NaN,,5.72,12.226105,344.6,17 / 21,55008,2022-07-31 21:27:29:505
-0.0132,0.6138,8.4861,-0.4182,-0.4032,9.7894,-1.7042,-0.4902,5.1238,0.5231,0.1268,-0.1726,0,6.47,21.54,-41.08,348.18,2.36,2.45,5,994.65,51.571,46.16344,15.869948,754.89,NaN,,5.72,12.226105,344.6,17 / 21,55508,2022-07-31 21:27:30:005
0.0341,0.0491,6.2692,-2.0372,0.7581,9.5627,-0.3302,-0.695,1.2479,-0.3667,0.6236,0.6956,0,4.59,19.82,-42.26,9.45,-4.43,12.03,5,994.64,48.513,46.163452,15.869947,755.58,NaN,,5.72,12.226105,356.9,15 / 20,56008,2022-07-31 21:27:30:505
0.4708,0.9661,7.5248,-0.9002,0.1938,9.7633,-0.2818,-0.9274,-0.1639,0.0947,0.1857,-0.1029,0,6.43,19.13,-41.77,347.54,-4.27,1.52,5,994.66,46.928,46.163452,15.869947,755.58,NaN,,5.72,12.226105,356.9,15 / 20,56508,2022-07-31 21:27:31:005
1.0331,0.9906,8.2331,-0.6911,0.8911,9.7416,-2.1965,1.1329,3.2154,-0.0576,0.134,0.5236,0,0.88,19.73,-41.53,4.76,-5.21,4.06,5,994.65,46.77,46.163464,15.869943,755.05,NaN,,5.87,12.226105,350.5,15 / 20,57008,2022-07-31 21:27:31:505
0.3619,-0.1167,9.4337,-0.2592,-0.2109,9.801,0.8421,0.1568,2.1991,0.2065,-0.1735,-0.221,0,2.48,20.57,-41.19,357.39,1.23,1.51,5,994.68,48.748,46.163464,15.869943,755.05,NaN,,5.87,12.226105,350.5,15 / 20,57508,2022-07-31 21:27:32:005
-1.2945,-0.1382,11.9276,-1.2355,0.7041,9.703,-2.1624,-0.5352,4.3975,-0.0685,-0.1527,0.3971,0,2.7,21.51,-41.06,5.06,-4.12,7.26,5,994.64,44.577,46.16348,15.869939,755.16,NaN,,5.62,12.226105,352.4,15 / 20,58008,2022-07-31 21:27:32:505
0.3147,0.5533,8.656,-0.7943,-0.118,9.7737,-1.3735,-0.1273,3.0703,-0.3057,0.7335,-0.3694,0,2.01,18.15,-41.68,357.52,-4.99,1.45,5,994.67,45.118,46.16348,15.869939,755.16,NaN,,5.62,12.226105,352.4,15 / 20,58507,2022-07-31 21:27:33:004
0.4839,0.4756,6.2925,-1.9142,0.5407,9.6028,-2.7904,-0.1733,4.2877,0.1188,-0.0889,0.7949,0,-6.06,17.59,-39.71,34.32,-3.16,11.27,5,994.63,52.23,46.163494,15.869934,755.43,NaN,,5.83,12.226105,348,15 / 21,59008,2022-07-31 21:27:33:505
-1.9902,-0.5097,9.7184,-0.0319,0.2322,9.8039,1.2454,-0.4473,1.594,-1.0086,-0.5001,-1.2688,0,-0.45,16.76,-40.14,0.42,-1.36,0.19,5,994.66,49.298,46.163494,15.869934,755.43,NaN,,5.83,12.226105,348,15 / 21,59508,2022-07-31 21:27:34:005
-2.2971,-1.3262,12.46,-1.4059,0.1508,9.7042,-1.8534,-0.3892,3.408,-0.3114,-0.1629,0.6299,0,3.86,21.66,-40.43,4.49,-0.88,8.24,5,994.63,50.983,46.163513,15.869927,756.14,NaN,,5.87,12.226105,343.3,15 / 20,60008,2022-07-31 21:27:34:505
0.189,0.2453,8.1338,-0.6543,0.0248,9.7848,-1.7307,-0.7875,3.7894,-0.2485,0.2405,-0.4714,0,6.32,19.14,-40.91,352.39,-5.34,4.12,5,994.64,53.807,46.163513,15.869927,756.14,NaN,,5.87,12.226105,343.3,15 / 20,60507,2022-07-31 21:27:35:004
-0.1125,-0.1878,9.3123,-1.6634,0.4495,9.6541,-1.6588,0.1154,2.5193,0.0763,-0.3322,0.8465,0,4.73,21.66,-40.91,4.87,-2.63,9.78,5,994.64,51.778,46.16353,15.869922,756.02,NaN,,5.83,12.226105,346.8,13 / 20,61008,2022-07-31 21:27:35:505
-2.8612,-2.2887,14.9611,-0.7017,0.3618,9.7748,1.4439,-0.8073,1.378,-0.376,-0.2346,-0.6088,0,8.66,19.54,-41.01,344.32,-2.11,4.11,5,994.64,55.206,46.16353,15.869922,756.02,NaN,,5.83,12.226105,346.8,13 / 20,61508,2022-07-31 21:27:36:005
-7.2138,-2.5077,18.8782,-1.4192,0.0896,9.703,-2.1315,0.9416,2.5583,-0.7908,0.121,-0.326,0,4.39,20.03,-38.74,4.74,-0.52,8.32,5,994.64,44.794,46.16354,15.869914,758.56,NaN,,5.94,12.226105,337,14 / 21,62008,2022-07-31 21:27:36:505
-0.3147,-0.0718,10.4459,-0.4053,0.567,9.7819,1.2913,-0.5524,2.4716,-0.2905,-0.2275,-1.1677,0,5.18,19.18,-37.91,357.68,-4.93,6.15,5,994.63,55.677,46.16354,15.869914,758.56,NaN,,5.94,12.226105,337,14 / 21,62508,2022-07-31 21:27:37:005
-6.2782,-2.5274,14.0405,-1.4235,0.5229,9.6887,-3.0451,1.6617,1.4122,-0.0633,0.0499,0.6424,0,0.81,19.71,-40.05,12.32,-3.06,8.36,5,994.64,45.413,46.163548,15.86991,756.29,NaN,,5.69,12.226105,351.1,15 / 21,63008,2022-07-31 21:27:37:505
-0.1047,0.6042,10.7791,-0.7461,0.8225,9.7436,1.0207,-1.688,1.7598,-0.2414,-0.4921,-0.0766,0,5.4,19.03,-40.67,355.26,-4.81,4.38,5,994.63,49.506,46.163548,15.86991,756.29,NaN,,5.69,12.226105,351.1,15 / 21,63508,2022-07-31 21:27:38:005
-3.3434,1.6732,11.7171,-0.9552,0.7716,9.7295,-2.5569,0.2684,1.9944,-0.3407,0.6938,0.2476,0,3,20.19,-40.41,2.29,-4.51,5.61,5,994.65,47.893,46.16356,15.869907,756.27,NaN,,5.72,12.226105,346.4,15 / 21,64007,2022-07-31 21:27:38:504
-2.9737,-0.8094,12.6281,-0.3144,0.9084,9.7594,1.5444,-0.1512,0.8351,-0.9838,-0.5048,-1.452,0,8.12,17.79,-41.18,349.95,-9.75,5,5,994.61,50.94,46.16356,15.869907,756.27,NaN,,5.72,12.226105,346.4,15 / 21,64508,2022-07-31 21:27:39:005
-3.2255,-1.8407,14.7308,-1.0134,0.1625,9.7528,-1.5671,1.5956,0.0925,-0.0936,-0.1419,0.3886,0,6.15,19.99,-39.73,354.93,-0.95,5.93,5,994.64,38.87,46.16357,15.869904,754.82,NaN,,5.62,12.226105,342.5,15 / 21,65008,2022-07-31 21:27:39:505
-0.795,-0.1549,12.9458,-0.5802,-0.0238,9.7894,0.6855,-1.5027,1.1927,-0.36,-0.4647,-0.3741,0,6.73,21.56,-38.94,347.94,0.14,3.39,5,994.61,45.554,46.16357,15.869904,754.82,NaN,,5.62,12.226105,342.5,15 / 21,65508,2022-07-31 21:27:40:005
-3.7603,0.6347,15.0054,-1.2126,0.5421,9.7163,-1.0465,0.6787,1.825,-0.2214,0.2313,-0.1814,0,5.14,22.05,-38.72,359.69,-3.17,7.11,5,994.68,48.016,46.163586,15.869899,751.97,NaN,,5.58,12.226105,333.2,15 / 21,66008,2022-07-31 21:27:40:505
0.4648,1.197,11.9145,0.1194,1.3661,9.7103,1.0506,0.3736,1.5525,-0.4909,-0.3183,-0.5347,0,4.01,17.16,-41.04,350.99,-10.79,0.19,5,994.61,55.165,46.163586,15.869899,751.97,NaN,,5.58,12.226105,333.2,15 / 21,66508,2022-07-31 21:27:41:005
-2.0082,0.3823,14.6662,-0.1899,1.8928,9.6204,-1.0866,0.8613,0.589,-0.3465,-0.1983,0.1132,0,2.44,14.16,-42.19,356.93,-11.13,1.13,5,994.64,48.192,46.1636,15.869894,751.97,NaN,,5.69,12.226105,339.7,15 / 20,67008,2022-07-31 21:27:41:505
1.0122,0.7442,13.8778,0.0632,0.2233,9.8039,-0.0869,-0.6323,3.6426,-0.4128,-0.134,-0.0967,1.0125,1.99,16.43,-41.1,352.38,-1.3,-0.37,5,994.61,48.515,46.1636,15.869894,751.97,NaN,,5.69,12.226105,339.7,15 / 20,67507,2022-07-31 21:27:42:004
-1.6887,0.5426,14.1165,-0.4885,0.4439,9.7844,-1.5926,0.8015,2.3848,-0.3419,0.4401,0.2127,3.9825,1.63,21.84,-38.49,359.75,-2.59,2.86,5,994.65,53.002,46.163612,15.869895,749.09,NaN,,5.9,12.226105,1.2,15 / 20,68008,2022-07-31 21:27:42:505
1.7916,-0.457,12.0401,0.288,-0.0335,9.8024,1.1686,-0.5291,2.1146,-0.664,-0.3086,-1.232,3.9825,2.74,19.89,-39.41,354.85,-3.11,1.48,5,994.63,51.102,46.163612,15.869895,749.09,NaN,,5.9,12.226105,1.2,15 / 20,68507,2022-07-31 21:27:43:004
-4.8102,-2.0548,15.996,-0.6534,0.2941,9.7804,-1.4858,1.6346,1.6212,-0.4483,-0.0331,0.5433,9.99,0.17,21.62,-38.01,6.25,-1.72,3.82,5,994.59,51.041,46.163624,15.869889,751.25,NaN,,6.01,12.226105,344.9,14 / 20,69009,2022-07-31 21:27:43:506
1.8275,-0.1322,11.7081,-0.7409,0.8587,9.7408,1.3761,-1.1087,0.5032,-0.1117,-0.2473,-0.2069,12.015,5.46,18.9,-38.42,354.61,-5.02,4.35,5,994.61,58.367,46.163624,15.869889,751.25,NaN,,6.01,12.226105,344.9,14 / 20,69507,2022-07-31 21:27:44:004
-3.9781,0.4618,12.798,-0.9376,-0.0031,9.7617,-2.6394,1.2539,3.3318,-0.1831,0.3782,0.0291,20.9925,2.21,21.68,-36.88,4.02,0.02,5.49,5,994.65,50.885,46.16364,15.869882,750.63,NaN,,5.8,12.226105,343.2,14 / 20,70008,2022-07-31 21:27:44:505
0.5222,-0.1783,12.7789,-0.4967,0.6725,9.7709,1.0287,-0.8755,2.6238,-0.3001,-0.1763,-0.691,27,3.02,20.03,-37.35,2.09,-6.7,6,5,994.61,55.655,46.16364,15.869882,750.63,NaN,,5.8,12.226105,343.2,14 / 20,70508,2022-07-31 21:27:45:005
-5.0644,-0.6526,13.1354,-1.0499,0.2631,9.7467,-0.884,2.2268,-1.4446,-0.688,0.2408,0.3453,39.015,5.27,20.48,-37.14,357.25,-1.54,6.15,5,994.65,50.678,46.16365,15.869874,753.63,NaN,,5.83,12.226105,344.4,13 / 19,71008,2022-07-31 21:27:45:505
0.9697,-0.6987,12.2285,-0.7162,0.7028,9.7552,0.9249,-0.9133,0.1638,0.0278,-0.3603,-0.1586,45.9675,7.67,20.33,-36.21,346.68,-4.11,4.2,5,994.62,60.523,46.16365,15.869874,753.63,NaN,,5.83,12.226105,344.4,13 / 19,71507,2022-07-31 21:27:46:004
-3.3966,0.3763,13.5129,-0.9541,0.1187,9.7594,-1.4787,1.2559,1.5751,-0.0189,-0.1465,-0.0054,56.025,4.59,21.32,-35.14,355.81,-0.69,5.58,5,994.64,57.345,46.16367,15.869867,754.78,NaN,,5.8,12.226105,344.6,Dec-19,72008,2022-07-31 21:27:46:505
0.3721,-1.3262,10.0205,-1.1064,0.5627,9.7278,1.4601,-0.8395,-3.9134,-0.0224,-0.5936,-0.0397,58.995,6.02,19.48,-34.43,354.22,-3.29,6.49,5,994.59,59.54,46.16367,15.869867,754.78,NaN,,5.8,12.226105,344.6,Dec-19,72508,2022-07-31 21:27:47:005
-3.2004,-0.7836,14.799,-0.9708,-0.006,9.7585,-0.8759,1.7336,-3.1627,0.3264,0.1742,0.0105,63.99,5.46,18.66,-32.87,348.06,5.73,2.95,5,994.64,56.547,46.16368,15.869858,755.21,NaN,,5.76,12.226105,342.5,Nov-19,73009,2022-07-31 21:27:47:506
0.4756,-0.612,10.5781,-0.9232,0.9974,9.712,1.248,-1.1039,-2.3145,0.0049,-0.1379,-0.1117,67.0275,9.58,14.49,-31.2,337.75,-5.84,5.43,5,994.57,57.408,46.16368,15.869858,755.21,NaN,,5.76,12.226105,342.5,Nov-19,73507,2022-07-31 21:27:48:004
-3.3398,1.4249,11.6524,-0.9127,0.0763,9.7638,-1.6786,1.5663,-0.0503,-0.0847,-0.3096,-0.2812,67.9725,12.19,15.92,-30.15,330.59,-0.45,5.34,5,994.62,47.61,46.163692,15.869854,754.83,NaN,,5.72,12.226105,341.7,Nov-19,74009,2022-07-31 21:27:48:506
0.5749,-0.7525,9.7304,-0.8478,1.2385,9.6911,1.7794,-1.593,-4.5524,0.1026,-0.0347,-0.1709,68.985,13.89,17.83,-31.31,332.83,-7.26,5,5,994.56,52.795,46.163692,15.869854,754.83,NaN,,5.72,12.226105,341.7,Nov-19,74508,2022-07-31 21:27:49:005
-2.6818,0.6215,11.9372,-0.4327,-0.7228,9.7704,0.2555,1.4708,-2.7317,0.0092,0.1149,-0.4779,65.0025,13.33,19.95,-33.64,324.22,5.28,1.55,5,994.62,43.629,46.163708,15.869853,756.74,NaN,,5.72,12.226105,344.2,13 / 19,75008,2022-07-31 21:27:49:505
0.3398,-0.8483,9.7693,-0.1945,1.3012,9.718,0.0061,-2.335,-5.3138,0.2006,-0.232,0.3255,62.0325,10.69,23.1,-35.59,338.7,-4.02,1.69,5,994.58,51.702,46.163708,15.869853,756.74,NaN,,5.72,12.226105,344.2,13 / 19,75508,2022-07-31 21:27:50:005
-2.3539,1.4662,9.8698,-0.7476,0.1087,9.7775,-0.2561,1.3172,-1.8019,0.323,-0.0622,-0.0109,57.9825,8.23,25.09,-36.26,348.36,-0.64,4.37,5,994.61,53.618,46.16372,15.869847,758.14,NaN,,5.69,12.226105,341.3,14 / 19,76008,2022-07-31 21:27:50:505
-0.3009,-0.3392,8.5938,-1.4959,0.3164,9.6867,1.1782,-0.8214,-2.4351,0.2826,0.0876,0.2123,51.975,11.78,25.63,-34.5,346.19,-1.85,8.78,5,994.56,57.029,46.16372,15.869847,758.14,NaN,,5.69,12.226105,341.3,14 / 19,76510,2022-07-31 21:27:51:007
-3.5683,1.8311,13.3113,-0.6782,-0.4956,9.7706,0.5775,0.9533,-2.6993,0.1156,0.2656,-0.5245,45.9675,11.59,22.99,-35.38,335.28,3.49,3.94,5,994.59,49.958,46.16373,15.869849,756,NaN,,5.83,12.226105,357.8,14 / 19,77008,2022-07-31 21:27:51:505
-0.003,-0.3523,8.93,-1.3159,0.9263,9.6737,1.8744,-1.4094,-3.956,0.5556,0.1208,0.5087,39.015,9.11,24.13,-35.18,350.46,-2.11,7.66,5,994.56,45.541,46.16373,15.869849,756,NaN,,5.83,12.226105,357.8,14 / 19,77508,2022-07-31 21:27:52:005
-1.3795,1.3555,7.739,-0.6812,-0.4045,9.7746,0.3566,1.464,-3.0568,0.2148,-0.219,-0.3025,34.02,8.27,23.06,-35.38,345.2,5.52,4.64,5,994.58,49.788,46.163746,15.869838,758,NaN,,6.01,12.226105,338.3,14 / 19,78008,2022-07-31 21:27:52:505
0.326,-0.1902,6.5641,-1.0344,0.0915,9.7515,0.9005,-0.3288,0.1019,0.522,-0.3676,0.1956,14.985,6.08,25.61,-35.03,358.07,2.66,8.4,5,994.57,58.399,46.163746,15.869838,758,NaN,,6.01,12.226105,338.3,14 / 19,78508,2022-07-31 21:27:53:005
-0.2913,0.9763,5.9228,-0.3837,-0.6518,9.7774,0.1775,0.6531,-1.3654,0.2535,0.1226,-0.1947,18.9675,7.05,19.13,-36.92,342.65,3.83,2.86,5,994.59,55.377,46.16376,15.869832,758.54,NaN,,5.69,12.226105,339.4,15 / 19,79008,2022-07-31 21:27:53:505
-0.0359,0.2895,7.745,-0.8392,0.9164,9.7276,1.3885,-1.6151,0.3124,1.2079,-0.0864,1.2386,0,7.05,17.21,-34.82,357.16,-2,9.86,5,994.58,60.866,46.16376,15.869832,758.54,NaN,,5.69,12.226105,339.4,15 / 19,79508,2022-07-31 21:27:54:005
-0.7298,1.282,6.2429,-0.2958,-0.102,9.8017,0.3408,1.4475,-1.1375,0.3312,0.4698,-0.3285,0,13.07,13.2,-33.62,316.43,2.75,3.72,5,994.57,59.832,46.163773,15.869827,756.97,NaN,,5.65,12.226105,338.4,15 / 19,80009,2022-07-31 21:27:54:506
0.3834,-0.0861,5.9468,-1.6724,0.3202,9.6577,1.7963,-0.6947,-1.124,0.5677,-0.4304,0.6795,0,15.64,18.28,-32.03,328.45,-0.28,8.4,5,994.56,58.478,46.163773,15.869827,756.97,NaN,,5.65,12.226105,338.4,15 / 19,80508,2022-07-31 21:27:55:005
0.1938,0.8339,7.1593,-0.6913,-0.6835,9.7583,0.7984,0.6575,-1.9106,-0.1944,0.1248,-0.217,0,19.73,16.22,-32.14,308,1.23,0.74,5,994.56,58.953,46.163784,15.869822,754.79,NaN,,5.65,12.226105,338.4,14 / 19,81008,2022-07-31 21:27:55:505
0.3505,0.1615,5.0465,-1.7841,0.4281,9.6335,2.4416,-0.4897,-2.4175,0.4559,0.1891,0.6991,0,20.78,23.19,-30.79,326.82,0.85,10.99,5,994.57,62.274,46.163784,15.869822,754.79,NaN,,5.65,12.226105,338.4,14 / 19,81508,2022-07-31 21:27:56:005
-0.2919,0.2913,5.9264,-0.9161,-0.1905,9.7619,0.7188,-0.0423,-2.2106,0.1342,0.5153,-0.7167,0,20.06,21.9,-32.36,319.21,0.41,2.15,5,994.57,52.466,46.1638,15.86982,757.03,NaN,,5.65,12.226105,335.4,14 / 19,82008,2022-07-31 21:27:56:505
0.012,-0.3338,7.9801,-1.5044,0.2761,9.6866,-0.6611,-1.7298,1.4099,0.7905,0.1701,0.5054,0,12.96,25.54,-31.8,343.59,-1.61,8.83,5,994.6,61.935,46.1638,15.86982,757.03,NaN,,5.65,12.226105,335.4,14 / 19,82510,2022-07-31 21:27:57:007
0.0335,0.7376,6.5498,-0.8882,-0.325,9.7609,0.028,-0.113,0.6624,-0.338,0.143,-0.6038,0,14.33,21.21,-35.21,332.97,-3.05,3.76,5,994.56,58.515,46.16381,15.869811,756.5,NaN,,5.72,12.226105,328.4,14 / 19,83008,2022-07-31 21:27:57:505
-0.0114,-0.3099,6.2638,-2.1524,0.3146,9.5624,1.1262,-1.1612,-1.2041,0.445,-0.0915,1.4782,0,10.09,27.77,-34.91,352.76,1.14,10.48,5,994.61,59.008,46.16381,15.869811,756.5,NaN,,5.72,12.226105,328.4,14 / 19,83508,2022-07-31 21:27:58:005
-0.7184,0.3505,7.9854,-1.1087,-0.6881,9.7195,1.2533,1.0478,-1.6624,-0.1671,0.0099,-0.5025,0,17.14,22.95,-38.16,328.7,1.63,5.48,5,994.56,56.38,46.163822,15.869802,759.33,NaN,,5.69,12.226105,327.2,14 / 19,84008,2022-07-31 21:27:58:505
-0.2518,0.5539,8.1709,-2.3374,0.3768,9.5166,-2.8871,-0.302,3.8377,0.1269,-0.3099,0.8463,0,14.38,24.81,-38.4,344.58,-2.97,9.62,5,994.61,55.345,46.163822,15.869802,759.33,NaN,,5.69,12.226105,327.2,14 / 19,84508,2022-07-31 21:27:59:005
-2.6088,-0.7825,12.5539,-0.5864,0.4041,9.7808,0.9621,-0.1204,3.1107,-0.8142,-0.0692,-1.1283,0,17.03,14.49,-39.94,329.92,-7.14,8.27,5,994.57,56.293,46.16384,15.86979,756.75,NaN,,5.69,12.226105,334.5,13 / 19,85008,2022-07-31 21:27:59:505
-0.2602,-0.384,8.7458,-2.2225,-0.1055,9.5509,-3.3466,-2.358,5.2739,0.0556,0.3612,0.7658,0,15.53,19.37,-36.79,334.04,-2.5,8.92,5,994.61,53.486,46.16384,15.86979,756.75,NaN,,5.69,12.226105,334.5,13 / 19,85508,2022-07-31 21:28:00:005
-3.4391,-0.92,11.8875,-0.9288,0.7496,9.7337,0.979,-0.664,1.0522,-0.274,0.7645,-0.5347,0,17.21,15.19,-36.39,322.84,-4.38,5.45,5,994.56,61.791,46.163857,15.869777,755.23,NaN,,5.65,12.226105,327.5,Dec-19,86008,2022-07-31 21:28:00:505
-6.3332,-0.9667,16.5859,-1.8244,0.4162,9.6265,-1.704,1.0462,0.6436,0.0447,-0.2731,0.8818,1.0125,16.41,17.81,-34.73,329.76,-1.82,7.7,5,994.57,62.774,46.163857,15.869777,755.23,NaN,,5.65,12.226105,327.5,Dec-19,86508,2022-07-31 21:28:01:005
-2.8349,-0.6293,14.8277,-1.3232,0.8214,9.6822,0.9639,-0.7229,0.3127,-0.2664,-0.3069,-0.3507,2.025,14.98,14.87,-31.69,333.33,-5.41,10.16,5,994.59,45.689,46.163864,15.869761,752.62,NaN,,5.54,12.226105,319.3,14 / 19,87007,2022-07-31 21:28:01:504
-2.7781,1.1569,13.3591,-1.4764,0.5159,9.6811,-1.9077,1.6111,1.7155,-0.1299,-0.0154,0.122,2.97,15.17,18.51,-33.28,332.38,-1.08,7.96,5,994.56,46.772,46.163864,15.869761,752.62,NaN,,5.54,12.226105,319.3,14 / 19,87508,2022-07-31 21:28:02:005
0.5611,-0.2716,11.9187,-1.4607,0.6384,9.6762,0.7731,-0.6916,-1.9366,-0.2376,-0.2264,-0.6832,3.9825,20.42,19.18,-35.46,325.79,-3.73,8.58,5,994.56,51.486,46.163876,15.869742,753.69,NaN,,5.62,12.226105,307.4,14 / 19,88008,2022-07-31 21:28:02:505
-4.3627,-0.6987,10.7886,-0.8851,0.3598,9.76,-0.0191,2.0442,-0.8265,0.2017,-0.4478,-0.3037,3.9825,18.17,21.68,-36.66,326.41,1.93,6.44,5,994.57,60.677,46.163876,15.869742,753.69,NaN,,5.62,12.226105,307.4,14 / 19,88507,2022-07-31 21:28:03:004
-0.6449,-0.0347,12.0209,-1.6776,1.0665,9.6031,0.5067,-0.6737,-2.1955,0.0024,-0.3063,0.1632,2.97,16.61,20.48,-38.31,335.96,-5.67,9.27,5,994.57,62.369,46.163883,15.869727,754,NaN,,5.51,12.226105,314.1,14 / 19,89008,2022-07-31 21:28:03:505
-2.2636,1.9525,10.596,-1.0858,0.8157,9.7122,-0.8665,1.5448,-1.0993,0.0298,-0.2321,0.0442,6.0075,15.66,21.51,-38.18,334.83,-0.52,8.07,5,994.56,51.553,46.163883,15.869727,754,NaN,,5.51,12.226105,314.1,14 / 19,89508,2022-07-31 21:28:04:005
-1.2951,0.7113,8.2804,-1.9657,1.0289,9.5524,1.9082,-0.6725,-3.9731,-0.1264,-0.6874,0.1255,3.9825,17.44,20.04,-39.15,340.08,-6.02,11.63,5,994.56,55.989,46.163895,15.869714,754.92,NaN,,5.51,12.226105,319.7,14 / 19,90008,2022-07-31 21:28:04:505
-2.6273,1.7719,12.0425,-1.2685,0.618,9.7046,1.1521,0.0283,-4.2994,0.1692,-0.0263,-0.3275,7.02,16.54,19.5,-39.24,330.71,-0.51,7.97,5,994.54,52.926,46.163895,15.869714,754.92,NaN,,5.51,12.226105,319.7,14 / 19,90508,2022-07-31 21:28:05:005
-0.6425,0.6359,7.1785,-1.8011,1.1918,9.5659,1.5252,-0.9536,-4.171,0.5195,-0.2992,0.3017,8.0325,14.33,21.38,-38.51,345.71,-3.06,11.56,5,994.53,53.743,46.163906,15.869701,755.28,NaN,,5.44,12.226105,324.4,15 / 19,91008,2022-07-31 21:28:05:505
-1.654,1.5703,6.4457,-1.0222,0.4404,9.7433,0.7588,1.083,-3.6346,0.1714,-0.2605,-0.583,8.0325,14.21,18.94,-39.51,333.37,0.41,6.5,5,994.54,56.407,46.163906,15.869701,755.28,NaN,,5.44,12.226105,324.4,15 / 19,91508,2022-07-31 21:28:06:005
-0.5599,0.6209,6.6287,-1.2774,0.526,9.7089,1.1115,-0.5701,-1.1744,0.3793,-0.1728,0.0344,8.9775,9.51,20.53,-39.41,348.2,-3.07,7.5,5,994.51,54.873,46.16392,15.869689,756.3,NaN,,5.47,12.226105,331.4,15 / 19,92008,2022-07-31 21:28:06:505
-0.0287,1.9531,5.9635,-0.0862,0.1598,9.805,1.5176,0.4401,0.3338,0.6414,-0.3674,-1.0882,9.99,5.72,18.86,-39.3,349.36,-0.44,3.48,5,994.55,57.66,46.16392,15.869689,756.3,NaN,,5.47,12.226105,331.4,15 / 19,92508,2022-07-31 21:28:07:005
0.0867,0.0718,7.5577,-0.2575,0.0429,9.8032,0.9329,0.0728,-1.4225,0.4544,-0.4885,0.244,13.0275,-5.16,19.31,-38.42,21.84,1.04,3.55,5,994.55,54.587,46.16394,15.869686,754.45,NaN,,5.44,12.226105,342.2,15 / 18,93007,2022-07-31 21:28:07:504
1.1569,0.4146,9.5551,0.1739,0.0334,9.8051,1.4278,0.3234,-0.6858,0.3732,-0.1874,-0.1965,13.0275,-6.98,19.33,-37.2,23.6,2.14,1.08,5,994.56,51.4,46.16394,15.869686,754.45,NaN,,5.44,12.226105,342.2,15 / 18,93508,2022-07-31 21:28:08:005
-0.347,-0.3105,4.1414,-0.368,-0.2967,9.7952,-0.995,-2.5094,4.6071,0.4537,0.3338,0.1875,13.9725,-2.01,21.83,-36.75,9.22,1.73,2.15,5,994.54,50.875,46.163956,15.869684,755.28,NaN,,5.47,12.226105,346.5,15 / 17,94008,2022-07-31 21:28:08:505
0.3607,0.8207,10.4812,0.2848,-0.3046,9.7978,-0.8276,0.2689,4.1093,-0.9243,-0.1675,-1.3147,9.99,0.49,21.58,-35.34,359.63,-2.46,-0.25,5,994.56,53.628,46.163956,15.869684,755.28,NaN,,5.47,12.226105,346.5,15 / 17,94508,2022-07-31 21:28:09:005
-3.8572,0.2345,10.2909,-2.3143,2.0933,9.2969,-0.7439,0.0938,0.2632,-0.0553,0.0823,0.4105,8.0325,-1.33,20.85,-35.06,12.38,-5.2,7.04,5,994.56,53.708,46.163975,15.869684,757.37,NaN,,5.47,12.226105,336.5,15 / 17,95007,2022-07-31 21:28:09:504
-0.0843,0.4463,12.9194,-0.2709,1.765,9.6427,1.5567,-1.6568,5.1975,0.6477,0.5892,-0.5621,8.0325,2.51,13.93,-39.26,15.09,-12.52,13.14,5,994.55,52.183,46.163975,15.869684,757.37,NaN,,5.47,12.226105,336.5,15 / 17,95509,2022-07-31 21:28:10:006
-3.3009,0.4923,10.9167,-0.8605,2.1561,9.5279,-0.6893,1.5644,2.2157,-0.562,-0.7311,0.0873,7.02,-14.66,10.74,-42.28,43.63,-12.7,5.16,5,994.53,52.036,46.163998,15.869685,756.33,NaN,,5.58,12.226105,351.8,16 / 18,96008,2022-07-31 21:28:10:505
-1.2939,-1.5165,14.3115,-0.1665,0.5958,9.7871,0.2911,-0.5912,0.5442,-0.2387,-0.5987,-0.3248,6.0075,-12.54,15.23,-41.12,43.48,-1.6,3.22,5,994.57,52.793,46.163998,15.869685,756.33,NaN,,5.58,12.226105,351.8,16 / 18,96508,2022-07-31 21:28:11:005
-2.0566,-0.32,12.8189,-0.7142,-0.1186,9.7799,-1.282,0.2365,3.6083,0.1778,0.397,0.1502,8.0325,-7.5,21.77,-38.23,23.52,0.82,2.03,5,994.57,53.799,46.164017,15.869691,755.67,NaN,,5.36,12.226105,359.2,16 / 18,97008,2022-07-31 21:28:11:505
1.7204,-1.1725,13.2957,0.1288,-0.1962,9.8038,0.9154,-0.8414,2.3285,-0.5744,-0.7534,-0.5877,8.0325,-11.81,19.29,-37.89,36.68,-1,4.01,5,994.56,55.607,46.164017,15.869691,755.67,NaN,,5.36,12.226105,359.2,16 / 18,97507,2022-07-31 21:28:12:004
-2.461,0.4588,13.1743,-0.3716,-0.0338,9.7995,-1.1414,0.9691,-0.7341,-0.5389,-0.0928,0.028,3.9825,-4.35,22.76,-37.95,13.37,0.2,2.17,5,994.53,56.973,46.16403,15.869695,756.77,NaN,,5.4,12.226105,3.1,16 / 18,98008,2022-07-31 21:28:12:505
-0.2931,-0.3649,12.6891,-1.0062,0.6854,9.7308,0.4876,-0.3023,0.5857,-0.0272,-0.2499,-0.047,3.9825,1.37,21.98,-38.55,11.37,-2.81,8.54,5,994.53,55.441,46.16403,15.869695,756.77,NaN,,5.4,12.226105,3.1,16 / 18,98508,2022-07-31 21:28:13:005
-2.9815,-1.1551,12.3835,-1.0708,-0.3367,9.7422,-1.0113,1.0648,2.3343,-0.3325,-0.7621,-7.00E-04,2.97,3.34,22.18,-39.34,1.83,0.86,5.4,5,994.53,59.5,46.164043,15.8697,757.54,NaN,,5.44,12.226105,2.7,16 / 18,99007,2022-07-31 21:28:13:504
4.0726,-1.4572,16.4243,-0.0142,-0.2905,9.8023,1.739,-0.659,4.8096,0.9878,-0.7554,-0.5997,2.97,4.86,24.47,-37.11,5.79,0.51,11.38,5,994.54,59.429,46.164043,15.8697,757.54,NaN,,5.44,12.226105,2.7,16 / 18,99508,2022-07-31 21:28:14:005
-0.0419,1.9507,9.9051,0.6689,0.5904,9.766,-0.7471,1.0794,-2.2547,-0.3487,0.6053,0.1125,1.0125,-2.79,21.21,-40.2,0.64,-3.45,-3.92,5,994.62,58.889,46.16406,15.8697,760.51,NaN,,5.51,12.226105,356.2,16 / 17,100008,2022-07-31 21:28:14:505
0.329,3.8345,11.799,-0.9715,2.6079,9.4035,1.1215,-0.9805,-1.5538,0.9143,0.6766,0.9953,2.025,-7.24,16.8,-41.34,20.73,-5.48,1.23,5,994.43,63.483,46.16406,15.8697,760.51,NaN,,5.51,12.226105,356.2,16 / 17,100508,2022-07-31 21:28:15:005
-1.2544,4.1755,7.9196,-1.5758,2.1213,9.4439,-1.1264,-0.4565,0.3738,0.8544,0.1489,0.6242,2.025,4.54,7.61,-40.89,25.84,-8.56,16.39,5,994.47,59.685,46.164078,15.869699,762.38,NaN,,5.47,12.226105,356.3,16 / 17,101008,2022-07-31 21:28:15:505
-0.1507,1.934,8.4257,-0.2669,2.0003,9.5968,-0.0606,-0.9402,-2.1023,0.0895,0.0694,0.3315,1.0125,-18.49,1.11,-44.02,62.87,-11.77,1.59,5,994.5,58.064,46.164078,15.869699,762.38,NaN,,5.47,12.226105,356.3,16 / 17,101508,2022-07-31 21:28:16:005
0.2183,1.8975,6.1884,0.3388,1.6966,9.6528,1.1879,0.1038,-1.9782,0.0817,0.0556,-0.4094,2.025,-11.74,3.99,-43.59,41.96,-9.96,-2.01,5,994.49,61.034,46.164093,15.869701,764.07,NaN,,5.58,12.226105,5.9,16 / 18,102008,2022-07-31 21:28:16:505
-1.4124,1.2,7.9418,-1.3919,1.2048,9.6323,1.0957,0.0266,-1.4076,-0.5588,0.4167,0.5151,4.995,-16.33,3.17,-42.68,58.7,-12,4.18,5,994.51,59.225,46.164093,15.869701,764.07,NaN,,5.58,12.226105,5.9,16 / 18,102508,2022-07-31 21:28:17:005
0.1633,2.531,6.3894,-1.2999,2.6514,9.3515,2.201,-0.6368,-1.3545,0.2414,0.7717,-0.1089,2.97,2.1,4.22,-43.16,4.19,-15.27,4.14,5,994.48,56.281,46.164104,15.869697,763.56,NaN,,5.54,12.226105,353.1,16 / 18,103008,2022-07-31 21:28:17:505
-0.5186,0.8907,8.939,-0.4088,1.8377,9.6242,0.2249,-0.0903,3.2019,0.505,-0.1843,0.0974,3.9825,-4.56,2.76,-41.98,32.18,-10.8,2.43,5,994.52,56.97,46.164104,15.869697,763.56,NaN,,5.54,12.226105,353.1,16 / 18,103507,2022-07-31 21:28:18:004
-0.137,-0.5348,12.478,0.2841,1.1082,9.7397,0.7355,0.1071,1.5596,-0.8676,0.0712,-0.3516,8.0325,-23.04,-0.6,-42.49,80.03,-6.49,-1.67,5,994.55,56.031,46.164116,15.869686,762.83,NaN,,5.76,12.226105,335.4,16 / 18,104008,2022-07-31 21:28:18:505
-2.0016,-0.3643,11.6465,-0.4578,1.4312,9.6908,-0.5031,0.3455,2.5367,0.1669,0.1243,0.0673,8.9775,-23.03,2.38,-40.93,73.16,-7.7,1.9,5,994.5,53.684,46.164116,15.869686,762.83,NaN,,5.76,12.226105,335.4,16 / 18,104508,2022-07-31 21:28:19:005
1.5404,1.1258,11.6812,0.0379,1.4215,9.703,0.1097,-0.123,2.6467,0.1445,-0.2308,-0.2971,8.0325,-6.06,3.73,-42.32,35.33,-9.16,2.07,5,994.51,54.564,46.164127,15.869677,760.15,NaN,,5.36,12.226105,335.9,16 / 18,105009,2022-07-31 21:28:19:506
-0.2279,2.3815,10.9932,0.1116,1.5913,9.676,-0.5235,0.7727,-1.8567,-0.2844,0.2004,0.0221,8.9775,6.06,7.91,-42.99,336.39,-9.34,-0.66,5,994.47,53.021,46.164127,15.869677,760.15,NaN,,5.36,12.226105,335.9,16 / 18,105509,2022-07-31 21:28:20:006
-0.5037,2.2235,9.5773,-0.1584,1.5377,9.684,-0.1778,0.3804,-1.4728,0.0505,-0.1657,0.098,9.99,11.59,8.68,-41.85,323.89,-9.02,0.94,5,994.47,54.547,46.16414,15.869666,761.55,NaN,,5.51,12.226105,323.5,14 / 18,106008,2022-07-31 21:28:20:505
-0.2985,3.7854,8.656,0.0826,1.9153,9.6174,0.15,0.2507,-2.5689,0.1575,-0.0162,-0.175,9.99,15.41,9.86,-42.51,318.01,-9.76,-0.55,5,994.45,54.575,46.16414,15.869666,761.55,NaN,,5.51,12.226105,323.5,14 / 18,106508,2022-07-31 21:28:21:005
-0.4038,2.9659,6.8381,-0.0458,2.2737,9.5393,-1.204,-0.6774,-2.4168,0.1892,-0.0998,0.3655,8.0325,13.89,9.26,-42.73,323.14,-12.85,0.31,5,994.47,55.391,46.16415,15.869659,765.59,NaN,,5.29,12.226105,328.3,14 / 18,107008,2022-07-31 21:28:21:505
-0.2961,1.8556,7.9119,-0.1693,1.9492,9.6095,0.4974,-1.0359,0.4335,0.3356,0.1305,-0.2062,7.02,14.51,9.13,-42.28,320.38,-11.46,1.01,5,994.47,63.749,46.16415,15.869659,765.59,NaN,,5.29,12.226105,328.3,14 / 18,107508,2022-07-31 21:28:22:005
0.3541,1.8335,8.1601,-0.2195,2.2091,9.5521,-0.9842,-1.0163,1.5156,0.1811,0.0022,0.5824,7.02,16.03,8.85,-42.6,321,-13.02,1.32,5,994.45,60.564,46.16416,15.869652,764.35,NaN,,5,12.226105,324.3,14 / 18,108008,2022-07-31 21:28:22:505
1.2126,1.6229,6.6048,0.0889,1.6024,9.6744,0.9471,-0.9061,0.2281,0.2513,0.8522,0.1958,4.995,15.38,9.77,-42.92,319.45,-12.4,-1.58,5,994.49,63.807,46.16416,15.869652,764.35,NaN,,5,12.226105,324.3,14 / 18,108508,2022-07-31 21:28:23:005
0.6568,2.2349,7.4578,-0.4554,2.2297,9.5389,-1.0986,-1.5338,1.9629,0.2616,0.2363,0.4907,3.9825,13.88,11.21,-42.62,329.28,-14.48,1.63,5,994.43,67.548,46.164177,15.869643,764.67,NaN,,5.18,12.226105,324.9,14 / 18,109008,2022-07-31 21:28:23:505
0.0634,1.7216,11.5226,-0.1107,2.2858,9.5359,-0.2797,0.3869,1.9361,0.0363,-0.0158,-0.3676,3.9825,15.06,8.48,-42.75,320.9,-13.48,0.67,5,994.44,58.962,46.164177,15.869643,764.67,NaN,,5.18,12.226105,324.9,14 / 18,109508,2022-07-31 21:28:24:005
-0.1579,2.2223,14.7021,-0.062,2.4522,9.4949,-0.8669,1.332,0.7662,-0.1676,0.0804,0.1172,2.97,13.44,7.71,-43.05,325.52,-14.48,0.37,5,994.48,47.508,46.164185,15.869633,764.81,NaN,,5.15,12.226105,324.5,14 / 19,110008,2022-07-31 21:28:24:505
1.5553,2.7302,12.4774,0.01,2.2055,9.5554,0.5717,0.8106,1.2594,-0.1315,-0.2307,-0.1982,2.97,15.71,7.95,-40.95,317.89,-11.11,2.3,5,994.43,48.662,46.164185,15.869633,764.81,NaN,,5.15,12.226105,324.5,14 / 19,110508,2022-07-31 21:28:25:005
-0.5988,3.4421,11.7075,0.3911,2.4861,9.4782,-0.329,1.3238,0.1593,-0.0082,0.0377,-0.1281,2.97,13.74,7.48,-39.98,314.61,-12.82,-2.54,5,994.43,51.468,46.164196,15.869623,765.66,NaN,,5.15,12.226105,327.1,14 / 19,111008,2022-07-31 21:28:25:505
-0.655,2.9258,9.1543,-0.01,2.3536,9.52,-0.1077,-0.1875,-3.4346,-0.3336,0.0573,0.1384,1.0125,12.34,8.01,-39.64,325.45,-13.89,0.06,5,994.45,50.089,46.164196,15.869623,765.66,NaN,,5.15,12.226105,327.1,14 / 19,111508,2022-07-31 21:28:26:005
-0.0108,2.8265,7.0319,0.2719,1.3785,9.7055,0.7718,-0.1976,-3.0669,0.1449,0.0951,-0.081,0,14.57,9.99,-38.51,313.6,-8.08,-1.6,5,994.43,48.452,46.164207,15.869612,767.94,NaN,,5.04,12.226105,325.2,14 / 20,112008,2022-07-31 21:28:26:505
-1.2814,0.9081,7.4004,-0.02,1.7998,9.6401,0.442,-1.458,-1.4518,1.4186,0.2014,-0.2301,0,16.09,14.33,-36.77,317.67,-3,2.26,5,994.53,49.684,46.164207,15.869612,767.94,NaN,,5.04,12.226105,325.2,14 / 20,112508,2022-07-31 21:28:27:005
-0.813,2.7446,5.6512,-0.3512,1.4413,9.6938,0.2269,-0.1764,-0.6191,0.2434,0.0699,-0.1786,0,14.98,10.91,-39.15,322.05,-11.99,0.4,5,994.37,49.349,46.16422,15.8696,768.14,NaN,,5.18,12.226105,316.9,15 / 19,113008,2022-07-31 21:28:27:505
-1.1001,0.3392,7.8353,-1.136,0.4718,9.7292,-0.4179,-0.7092,-1.1324,0.2061,-0.0465,0.5171,0,17.14,19.05,-37.67,329.15,-2.76,6.66,5,994.43,49.527,46.16422,15.8696,768.14,NaN,,5.18,12.226105,316.9,15 / 19,113508,2022-07-31 21:28:28:005
-0.6999,1.1019,6.7663,-0.5973,1.3597,9.6935,1.2715,-0.2462,0.6269,0.5313,0.2078,0.0436,0,2.91,11.38,-39.64,358.14,-7.97,3.53,5,994.45,54.497,46.16423,15.869587,768.7,NaN,,5.33,12.226105,314.9,Dec-17,114008,2022-07-31 21:28:28:505
-0.7591,1.3232,6.3787,-0.8385,1.7824,9.6068,-0.2465,-0.9849,1.6836,0.6328,0.2747,0.3671,0,2.21,10.44,-41.19,359.4,-10.98,2.53,5,994.47,46.371,46.16423,15.869587,768.7,NaN,,5.33,12.226105,314.9,Dec-17,114508,2022-07-31 21:28:29:005
0.9906,2.6542,7.1426,-1.2279,1.5008,9.613,1.5831,-0.5195,0.3463,-0.3726,0.0535,0.7473,0,-2.77,7.41,-41.44,31.98,-8.8,7.28,5,994.45,61.448,46.164246,15.869576,770.38,NaN,,5.15,12.226105,319.2,Dec-17,115007,2022-07-31 21:28:29:504
-0.6903,1.8951,9.938,-2.1267,2.3228,9.2872,-2.1279,0.5782,2.6058,-0.0244,0.3877,0.2296,0,9.51,9.79,-39.15,356.9,-13.7,12.9,5,994.46,44.528,46.164246,15.869576,770.38,NaN,,5.15,12.226105,319.2,Dec-17,115508,2022-07-31 21:28:30:005
0.5593,0.1765,12.3631,0.0214,1.4217,9.703,-0.3536,0.438,0.9315,-1.6253,-2.0559,-0.8899,0,3.53,7.58,-42.11,343.71,-8.34,-0.13,5,994.57,47.469,46.164257,15.869565,768.69,NaN,,5.26,12.226105,318.2,Dec-17,116008,2022-07-31 21:28:30:505
-1.1701,1.7539,12.8178,-0.5163,1.4656,9.6828,-0.6867,0.5408,2.2439,-0.4766,-0.5777,0.1306,0,2.49,14.14,-42.77,1.7,-8.42,3.46,5,994.48,49.228,46.164257,15.869565,768.69,NaN,,5.26,12.226105,318.2,Dec-17,116508,2022-07-31 21:28:31:005
0.1155,-0.8435,11.9988,-0.5888,1.1763,9.718,-0.2007,-0.5345,0.8319,-1.0918,0.025,-0.3087,0,4.65,11.18,-41.68,351.28,-6.89,3.47,5,994.47,43.157,46.164265,15.869556,768.44,NaN,,5.29,12.226105,328.4,Dec-17,117007,2022-07-31 21:28:31:504
-5.2391,-0.3087,15.073,-0.8318,0.435,9.7616,-1.9655,0.996,1.0528,-0.0421,0.0118,-0.0549,0,9.24,17.94,-40.54,344.53,-2.54,4.87,5,994.45,43.011,46.164265,15.869556,768.44,NaN,,5.29,12.226105,328.4,Dec-17,117508,2022-07-31 21:28:32:005
0.3123,0.6449,13.0038,-0.8695,1.3921,9.6683,1.2749,-0.8383,2.3129,0.029,-0.3348,-0.3889,0,18.66,12.88,-41.31,321.11,-8.16,5.14,5,994.45,46.024,46.16428,15.869546,766.79,NaN,,5.26,12.226105,331.7,Dec-17,118007,2022-07-31 21:28:32:504
-4.5924,1.8323,11.6842,-1.353,0.9864,9.6627,-2.9889,0.8076,2.3043,-0.5727,0.4794,0.087,0,16.5,14.19,-42.15,320.06,-5.89,2.27,5,994.45,49.447,46.16428,15.869546,766.79,NaN,,5.26,12.226105,331.7,Dec-17,118508,2022-07-31 21:28:33:005
-0.2536,-0.4893,13.3454,-1.4957,1.6754,9.546,2.2137,-0.5806,-1.465,-0.9638,-1.1495,-1.2085,0,19.46,13.39,-41.94,328.98,-9.84,8.9,5,994.47,53.473,46.164288,15.869534,768.58,NaN,,5.47,12.226105,323.1,Nov-16,119008,2022-07-31 21:28:33:505
-3.2375,0.6981,13.8263,-0.6966,-0.0941,9.7814,-1.6888,2.316,-0.2178,-0.2001,-0.5744,-0.1342,0,17.34,19.2,-41.44,322.94,0.55,4.07,5,994.46,51.714,46.164288,15.869534,768.58,NaN,,5.47,12.226105,323.1,Nov-16,119508,2022-07-31 21:28:34:005
-1.0732,-2.0243,12.5922,-1.0852,0.8999,9.7048,2.0765,-0.8984,-0.9959,-0.1589,-0.4759,-0.2794,0,20.44,16.58,-40.56,323.72,-5.27,6.38,5,994.45,61.011,46.1643,15.869522,768.61,NaN,,5.33,12.226105,322.6,Oct-16,120008,2022-07-31 21:28:34:505
-2.1332,0.9488,11.4688,-0.4356,0.2508,9.7938,-1.3051,1.0372,1.2278,0.0359,-0.2892,-0.4188,0,19.88,18.26,-39.41,316.34,-0.61,3.5,5,994.45,46.824,46.1643,15.869522,768.61,NaN,,5.33,12.226105,322.6,Oct-16,120508,2022-07-31 21:28:35:005
0.8967,-0.8847,10.9466,-0.7373,0.5199,9.7651,0.9215,-0.7644,-3.5509,0.0739,-0.119,-0.6019,0,16.5,22.74,-40.14,331,-3.04,4.32,5,994.45,46.668,46.16431,15.869513,768.3,NaN,,5.58,12.226105,327.4,Oct-16,121008,2022-07-31 21:28:35:505
-2.0225,2.3438,9.4193,-0.4591,-0.027,9.7959,-0.5871,0.8929,-2.1811,0.4229,-0.3248,-0.2002,0,14.96,22.59,-40.18,330.19,0.16,2.68,5,994.44,45.727,46.16431,15.869513,768.3,NaN,,5.58,12.226105,327.4,Oct-16,121508,2022-07-31 21:28:36:005
0.8207,0.1161,7.94,-1.1516,0.7758,9.7079,2.1429,-0.6908,-2.9692,0.3722,-0.14,0.4215,0,15.36,20.78,-39.13,336.89,-4.54,6.76,5,994.45,47.154,46.164326,15.869503,769.16,NaN,,5.4,12.226105,326.6,Nov-17,122008,2022-07-31 21:28:36:505
-0.984,1.7384,5.0082,-0.8159,0.097,9.7722,0.341,1.1692,-3.9337,0.1988,-0.0977,-0.1624,0,14.64,20.23,-37.35,323.93,3.62,3.37,5,994.45,42.97,46.164326,15.869503,769.16,NaN,,5.4,12.226105,326.6,Nov-17,122509,2022-07-31 21:28:37:006
-0.1627,0.3553,9.0251,-1.3481,0.4876,9.7013,1.1799,-1.1465,-1.7222,0.1684,-0.2165,0.3653,0,15.23,21,-36.64,336.91,-2.85,7.91,5,994.44,50.834,46.164337,15.869489,771.45,NaN,,5.51,12.226105,322.3,Dec-17,123009,2022-07-31 21:28:37:506
-1.5003,1.0708,5.0142,-0.0579,-0.1085,9.8059,1.5675,1.1279,-1.9327,0.1875,0.307,-0.7277,0,15.41,17.78,-37.41,319.96,0.63,0.34,5,994.44,48.955,46.164337,15.869489,771.45,NaN,,5.51,12.226105,322.3,Dec-17,123508,2022-07-31 21:28:38:005
-1.13,-1.8885,8.0572,-2.2704,-0.246,9.537,1.6702,-0.3958,-2.4839,0.2866,-0.1846,0.5072,0,15.53,23.61,-32.01,340.57,1.44,13.39,5,994.44,50.695,46.16435,15.869476,771.51,NaN,,5.4,12.226105,322.9,13 / 17,124008,2022-07-31 21:28:38:505
-0.0556,0.862,8.0417,-1.4822,-0.6048,9.6751,1.131,0.9153,-1.1317,0.483,-0.5391,-0.2721,0,20.66,18.69,-32.32,314.11,3.88,6.62,5,994.45,50.537,46.16435,15.869476,771.51,NaN,,5.4,12.226105,322.9,13 / 17,124508,2022-07-31 21:28:39:005
-0.6221,-0.2853,7.6026,-1.9462,0.096,9.6111,-2.0447,0.4688,2.3548,0.2559,0.3282,1.3496,0,14.89,21.6,-32.25,339.5,-0.56,11.45,5,994.43,52.584,46.16436,15.869464,772.65,NaN,,5.44,12.226105,324,14 / 16,125008,2022-07-31 21:28:39:505
0.058,-0.07,10.7803,-0.8328,-0.1604,9.7699,0.9647,-0.61,2.2482,-0.7528,-0.4229,-1.1396,0,17.89,16.44,-33.92,315.7,0.94,4.87,5,994.43,50.816,46.16436,15.869464,772.65,NaN,,5.44,12.226105,324,14 / 16,125508,2022-07-31 21:28:40:005
-4.7198,-1.9424,15.7412,-1.4267,0.5098,9.6889,-2.0634,0.4679,3.1835,-0.4915,-0.1138,0.2737,1.0125,8.85,18.24,-35.87,349.58,-2.98,8.38,5,994.44,47.504,46.164368,15.869452,773.92,NaN,,5.33,12.226105,327.1,14 / 17,126008,2022-07-31 21:28:40:505
0.2297,-0.792,12.0951,-1.0836,0.4844,9.7345,0.849,-1.1313,1.9355,-0.337,-0.6526,-0.8508,2.97,11.59,12.84,-36.28,341.52,-7.95,9.28,5,994.45,51.566,46.164368,15.869452,773.92,NaN,,5.33,12.226105,327.1,14 / 17,126508,2022-07-31 21:28:41:005
-4.5829,1.1623,11.5777,-0.9326,-0.5401,9.7473,-2.2879,1.5786,-1.4676,-0.1206,0.0451,0.5424,4.995,-5.36,13.16,-34.87,36.85,3.16,5.47,5,994.46,45.904,46.16438,15.869442,775.41,NaN,,5.36,12.226105,324.5,15 / 17,127008,2022-07-31 21:28:41:505
0.4959,-0.2506,10.4237,-1.1967,1.2721,9.6499,1.4881,-1.4223,-2.2788,0.0779,-0.0197,-0.2652,7.02,-4.46,10.07,-33.66,29.82,-7.45,7.07,5,994.44,50.303,46.16438,15.869442,775.41,NaN,,5.36,12.226105,324.5,15 / 17,127508,2022-07-31 21:28:42:005
-1.8102,1.0504,8.6997,-0.979,0.193,9.7558,-0.478,0.6757,-2.0392,0.265,0.128,-0.1865,12.015,9.32,12.88,-34.56,338.27,-1.13,5.73,5,994.43,44.125,46.16439,15.869431,775.11,NaN,,5.29,12.226105,323.4,14 / 17,128008,2022-07-31 21:28:42:505
-0.1914,-0.6293,9.5797,-1.114,0.0405,9.7431,-0.7139,-0.8014,0.1549,0.6588,-0.251,0.0103,13.9725,9.24,13.05,-35.72,340.66,-0.24,6.52,5,994.44,49.12,46.16439,15.869431,775.11,NaN,,5.29,12.226105,323.4,14 / 17,128508,2022-07-31 21:28:43:005
0.14,1.0146,12.6945,-1.1049,1.001,9.6927,0.6779,-0.0836,1.2004,0.2814,0.1484,-0.1861,18.0225,10.18,10.48,-36.71,333.68,-4.83,5.36,5,994.46,51.887,46.164406,15.869423,775.56,NaN,,5.15,12.226105,338,14 / 17,129008,2022-07-31 21:28:43:505
-1.6534,0.0209,11.1494,-1.1699,0.1096,9.736,-0.7082,0.4539,1.1481,-0.0289,0.1436,0.2045,28.0125,10.95,14.48,-34.73,334.9,-0.64,6.85,5,994.41,49.989,46.164406,15.869423,775.56,NaN,,5.15,12.226105,338,14 / 17,129508,2022-07-31 21:28:44:005
-0.28,0.0203,9.3541,-1.3224,0.8176,9.6826,1.1816,-0.6976,-1.0735,0.5777,-0.3901,-1.3762,28.0125,13.01,15.56,-34.11,336.34,-4.78,7.78,5,994.42,52.091,46.164413,15.869418,780.28,NaN,,5.11,12.226105,335.6,Nov-15,130008,2022-07-31 21:28:44:505
-1.4369,-0.8542,9.8566,-0.1693,-0.0086,9.8052,-0.8123,-1.1897,0.102,-0.4004,-0.3652,-2.1737,27,2.68,14.66,-37.03,351.04,0.05,0.99,5,994.41,54.808,46.164413,15.869418,780.28,NaN,,5.11,12.226105,335.6,Nov-15,130508,2022-07-31 21:28:45:005
-1.6361,-0.2506,9.2716,-0.8899,-0.4259,9.7569,-0.5474,0.2517,1.1543,0.3048,0.4085,-0.7447,23.0175,-18.17,7.41,-36.24,76.38,3.5,3.29,5,994.41,54.541,46.164425,15.86941,781.94,NaN,,5.11,12.226105,327.5,Dec-15,131008,2022-07-31 21:28:45:505
-1.3633,0.5677,9.2178,-2.4961,0.3082,9.4787,0.5403,-0.1103,-0.0397,0.0134,0.603,-0.2087,13.0275,-17.78,-1.74,-36.73,92.79,-1.37,11.39,5,994.41,56.359,46.164425,15.86941,781.94,NaN,,5.11,12.226105,327.5,Dec-15,131508,2022-07-31 21:28:46:005
-2.3169,0.8453,9.7777,-2.1466,0.7419,9.54,-0.2888,0.219,1.3271,0.541,-0.1862,-0.2446,13.0275,-14.51,-6.54,-38.14,100.9,-4.34,12.68,5,994.41,57.106,46.164448,15.869431,789.27,NaN,,10.04,12.226105,29.6,15 / 17,132008,2022-07-31 21:28:46:505
-1.4812,0.6455,9.5133,-1.1261,1.4715,9.63,-0.0871,-1.2414,-0.3939,-0.5239,0.6276,1.564,20.9925,-17.38,-11.19,-36.66,104.95,-8.63,6.67,5,994.42,61.548,46.164448,15.869431,789.27,NaN,,10.04,12.226105,29.6,15 / 17,132507,2022-07-31 21:28:47:004
-0.268,1.1874,9.8919,-0.3022,1.693,9.6547,0.9001,0.1186,-0.3422,0.441,0.3697,0.879,17.01,-19.16,-4.41,-36.66,87.42,-7.98,4.08,5,994.4,61.611,46.164444,15.869463,783.37,NaN,,7.74,12.226105,86.7,15 / 17,133008,2022-07-31 21:28:47:505
-1.7091,-0.5569,10.2383,-0.1997,-0.0207,9.8046,-0.5794,0.2818,0.5798,0.1306,-0.232,1.1714,22.005,-19.58,9.77,-35.01,61.51,-0.93,-0.85,5,994.42,65.82,46.164444,15.869463,783.37,NaN,,7.74,12.226105,86.7,15 / 17,133509,2022-07-31 21:28:48:006
-0.2154,-0.0634,10.1366,-0.8071,0.3419,9.7674,1.1569,-0.0101,1.485,0.0302,0.6432,1.0067,24.03,-6.39,20.46,-33.64,21.79,-1.96,4.15,5,994.41,67.582,46.16443,15.869478,788.95,NaN,,0,12.226105,,15 / 17,134008,2022-07-31 21:28:48:505
-0.8728,0.3386,8.4802,-1.4382,-0.1727,9.6991,1.038,-0.0617,-2.4768,-0.034,-0.4853,0.8131,41.985,7.31,25.69,-31.14,352.7,4.31,7.28,5,994.36,65.615,46.16443,15.869478,788.95,NaN,,0,12.226105,,15 / 17,134508,2022-07-31 21:28:49:005
-0.186,0.0281,9.6772,-1.3448,0.2596,9.7105,0.1526,-1.4578,-2.374,0.5043,-0.0311,1.2107,51.975,16.41,20.53,-33.54,334.33,1.42,10.31,5,994.39,63.625,46.16444,15.869482,788.37,NaN,,3.31,12.226105,22.1,15 / 17,135009,2022-07-31 21:28:49:506
-0.317,0.4594,5.7482,-0.2531,-0.8922,9.7627,0.9911,0.0821,-2.34,0.4869,-0.0556,-0.2957,56.025,23.16,16.48,-34.24,298.1,7.64,3.48,5,994.42,57.182,46.16444,15.869482,788.37,NaN,,3.31,12.226105,22.1,15 / 17,135508,2022-07-31 21:28:50:005
-0.4564,-1.2455,6.1316,-1.0354,0.0319,9.7518,1.0685,-1.3618,-2.3694,0.7747,0.4953,0.484,66.015,19.91,20.4,-34.84,315.96,4.33,5.42,5,994.44,57.609,46.164448,15.869503,793.38,NaN,,5.08,12.226105,62.1,14 / 16,136008,2022-07-31 21:28:50:505
-0.4576,-0.4038,7.5535,-0.0204,-1.5686,9.6804,-1.2428,-0.7052,1.6622,0.4324,0.3009,-0.1942,68.985,20.08,17.68,-35.59,306.75,3.28,-2.21,5,994.44,55.542,46.164448,15.869503,793.38,NaN,,5.08,12.226105,62.1,14 / 16,136508,2022-07-31 21:28:51:005
0.7651,-0.8142,6.1131,-0.9544,-0.3498,9.7538,0.7984,-1.0112,-0.6402,0.5082,0.2932,0.6324,81,15.79,21.81,-35.66,324.64,4.03,3.56,5,994.44,60.596,46.164467,15.86948,800.16,NaN,,7.78,12.226105,314.8,Dec-14,137008,2022-07-31 21:28:51:505
0.3464,-0.6939,8.5388,-0.1362,-1.4177,9.7027,1.057,0.5619,0.8531,-0.0919,0.4071,-0.4577,77.0175,16.11,17.98,-38.16,309.45,4.8,-3.1,5,994.43,58.642,46.164467,15.86948,800.16,NaN,,7.78,12.226105,314.8,Dec-14,137508,2022-07-31 21:28:52:005
0.6257,-0.0257,8.7356,-0.7687,0.2623,9.773,-0.5952,-1.6132,0.6344,0.7846,0.2836,0.9517,62.0325,14.25,19.73,-37.67,328.07,0.16,2.4,5,994.43,55.112,46.16448,15.869464,796.88,NaN,,5.29,12.226105,320.4,13 / 15,138008,2022-07-31 21:28:52:505
-1.5165,-1.8963,12.6311,0.4413,-0.2838,9.7926,1.0418,-0.578,2.9706,0.3202,0.2963,-0.0435,40.9725,18.19,15.68,-37.91,318.75,-3.63,2.74,5,994.43,54.616,46.16448,15.869464,796.88,NaN,,5.29,12.226105,320.4,13 / 15,138507,2022-07-31 21:28:53:004
-0.0263,-0.8213,10.13,-0.2295,-0.3332,9.7983,-2.6757,0.3352,3.3318,-0.3555,-0.3328,0.3055,40.9725,16.41,20.53,-35.85,322.45,0.45,0.12,5,994.43,55.562,46.16449,15.869446,796.81,NaN,,5.22,12.226105,314.4,14 / 16,139008,2022-07-31 21:28:53:505
0.0227,-1.3753,14.7745,0.1946,-0.2398,9.8018,0.7032,-0.7862,1.601,-0.449,-0.4704,-0.4791,23.0175,16.5,19.52,-36.47,323.75,-1.07,2.89,5,994.42,55.762,46.16449,15.869446,796.81,NaN,,5.22,12.226105,314.4,14 / 16,139508,2022-07-31 21:28:54:005
-2.6716,0.122,12.2632,-0.7231,-0.0366,9.7799,-1.8431,0.7845,2.7131,-0.1687,0.1199,0.5644,13.9725,15.11,23.19,-36.32,327.48,0.8,1.05,5,994.41,53.18,46.164497,15.869426,792.23,NaN,,5.18,12.226105,314.3,14 / 17,140008,2022-07-31 21:28:54:505
-0.3087,-0.5503,10.2168,-0.5122,0.7236,9.7665,1.1944,-0.2952,-2.1022,-0.3997,-0.4608,-0.3584,3.9825,18.17,20.16,-37.31,326.66,-1.74,6.16,5,994.42,52.733,46.164497,15.869426,792.23,NaN,,5.18,12.226105,314.3,14 / 17,140508,2022-07-31 21:28:55:005
-3.3051,0.9135,13.4949,-0.0553,-0.1275,9.8057,-1.5915,0.8225,-1.9496,-0.2104,-0.5169,-0.6096,7.02,15.24,20.34,-37.8,322.14,1.75,0.55,5,994.4,51.57,46.164497,15.869404,790.98,NaN,,5.26,12.226105,301.2,15 / 17,141008,2022-07-31 21:28:55:505
1.2317,0.6323,8.5196,-1.4327,0.6807,9.6775,1.6233,-0.173,-2.1809,0.6119,-0.2464,0.3399,1.0125,14.44,20.48,-38.36,340.81,-1.43,9.83,5,994.4,47.141,46.164497,15.869404,790.98,NaN,,5.26,12.226105,301.2,15 / 17,141508,2022-07-31 21:28:56:005
-5.4891,2.9474,7.669,-2.9749,1.5934,9.2077,-1.6502,0.662,-1.0031,-0.1128,0.6626,-0.2558,1.0125,15.79,14.78,-40.03,341.87,-11.19,11.76,5,994.35,44.67,46.164505,15.869384,788.21,NaN,,4.9,12.226105,301.5,15 / 18,142009,2022-07-31 21:28:56:506
-1.3753,2.0447,5.284,-2.3088,2.2623,9.2586,1.9521,-1.0234,-1.6406,-0.4854,-1.9253,0.2504,2.97,9.23,13.09,-38.12,4.77,-9.25,15.67,5,994.4,53.437,46.164505,15.869384,788.21,NaN,,4.9,12.226105,301.5,15 / 18,142508,2022-07-31 21:28:57:005
-0.5216,-0.5767,8.0955,-0.8565,-0.2653,9.7656,0.3202,-1.4528,-0.3941,0.9452,0.4652,0.5897,0,2.33,14.63,-39.11,356.39,5.89,1.93,5,994.47,45.406,46.164513,15.869369,787.88,NaN,,5.44,12.226105,321.1,15 / 18,143007,2022-07-31 21:28:57:504
-0.1304,-0.7424,9.9332,-1.1679,0.2862,9.7326,0.4407,0.3729,-2.0737,-2.2596,-0.1495,0.5112,0,6.08,14.96,-38.1,355.9,-10.2,6.67,5,994.44,46.716,46.164513,15.869369,787.88,NaN,,5.44,12.226105,321.1,15 / 18,143508,2022-07-31 21:28:58:005
0.7687,0.6341,9.4935,-0.8641,1.2495,9.6883,0.4244,0.7734,0.7295,0.0277,0.7873,0.2356,0,13.09,14.4,-38.42,333.08,-7.32,5.1,5,994.37,44.957,46.16452,15.869355,789.03,NaN,,5.18,12.226105,327.8,15 / 18,144008,2022-07-31 21:28:58:505
-3.4134,-0.1675,15.8172,-1.3404,0.7431,9.6862,-2.0466,1.2397,3.1295,-0.224,0.2426,0.4007,0,15.21,16.28,-38.29,330.06,-4.2,6.13,5,994.4,48.347,46.16452,15.869355,789.03,NaN,,5.18,12.226105,327.8,15 / 18,144508,2022-07-31 21:28:59:005
-0.5886,0.0538,10.3502,-1.2495,0.8624,9.6884,1.471,-0.2689,1.1894,0.4098,-0.1684,-0.3845,0,18.17,15.47,-38.4,321.88,-3.9,6.1,5,994.43,52.572,46.16453,15.869337,788.25,NaN,,5.15,12.226105,321.3,15 / 18,145008,2022-07-31 21:28:59:505
-3.0461,0.2094,11.3318,-1.2015,0.2697,9.729,-1.9242,0.3949,1.5557,0.2821,0.1928,0.2774,0,15.28,19.56,-36.86,326.52,0.51,3.06,5,994.37,54.036,46.16453,15.869337,788.25,NaN,,5.15,12.226105,321.3,15 / 18,145508,2022-07-31 21:29:00:005
-0.3314,0.3194,11.5424,-1.7287,0.8167,9.6185,1.3393,-0.1493,-3.389,-0.2034,-0.217,-0.3693,0,20.36,14.49,-38.04,323.25,-4.78,10.19,5,994.41,53.209,46.16454,15.869322,789.97,NaN,,5.08,12.226105,319.7,15 / 18,146008,2022-07-31 21:29:00:505
-2.6112,1.0026,9.0311,-0.9823,0.2069,9.7551,0.5959,1.1717,-3.4251,0.0435,-0.47,-0.3654,0,19.89,14.59,-38.27,313.2,0.8,6.78,5,994.4,54.738,46.16454,15.869322,789.97,NaN,,5.08,12.226105,319.7,15 / 18,146508,2022-07-31 21:29:01:005
-1.5978,0.1478,9.5031,-1.6322,0.3271,9.6643,1.4445,0.2844,-3.2383,0.3726,-0.0485,0.2594,0,18.98,16.82,-38.27,323.77,1.95,10.96,5,994.41,52.857,46.164547,15.869307,793.11,NaN,,5,12.226105,315.7,15 / 18,147009,2022-07-31 21:29:01:506
-0.6981,0.9057,4.3693,-1.072,-0.3922,9.74,0.3613,0.235,-2.4334,0.3177,0.0586,-0.2262,0,17.91,14.48,-39.15,310.12,2.95,5.6,5,994.4,48.185,46.164547,15.869307,793.11,NaN,,5,12.226105,315.7,15 / 18,147507,2022-07-31 21:29:02:004
-1.5476,-1.4997,7.407,-1.2217,-0.5003,9.7174,-1.7326,-1.7665,3.671,0.6917,0.3263,0.1912,0,16.03,18.62,-39.71,327.14,2.92,7.17,5,994.38,49.496,46.164555,15.86929,793.3,NaN,,5.04,12.226105,310.4,15 / 18,148008,2022-07-31 21:29:02:505
0.1274,-0.0108,9.0861,-0.256,-0.7121,9.7774,-0.5037,-0.3657,4.0547,-0.567,0.4333,-0.7439,0,18.21,14.42,-41.04,314.36,-2.1,2.94,5,994.42,47.26,46.164555,15.86929,793.3,NaN,,5.04,12.226105,310.4,15 / 18,148508,2022-07-31 21:29:03:005
-0.1741,-0.7388,8.2193,-1.1575,-0.338,9.7322,-0.8517,-1.924,3.8973,0.0391,0.1292,0.9549,0,18.81,21.66,-40.09,327.89,-0.68,6.82,5,994.4,51.212,46.164562,15.869274,793.97,NaN,,4.97,12.226105,313.6,15 / 18,149008,2022-07-31 21:29:03:505
-1.806,-1.6307,10.6684,-0.1077,-0.5956,9.788,-0.3715,-0.8219,3.5329,-0.9414,0.5531,-1.2167,0,20.76,15.54,-42.99,311.99,-2.96,1,5,994.41,49.122,46.164562,15.869274,793.97,NaN,,4.97,12.226105,313.6,15 / 18,149508,2022-07-31 21:29:04:005
-1.8072,-2.0028,15.0347,-0.8333,0.0999,9.7707,-1.4583,0.8364,1.4503,-0.1349,0.2743,0.4738,0,19.52,19.73,-40.52,321.17,-0.58,4.87,5,994.42,53.158,46.164574,15.869256,786.43,NaN,,4.97,12.226105,319.7,15 / 18,150008,2022-07-31 21:29:04:505
0.749,-1.9579,12.9763,-0.7033,-0.2037,9.7793,0.4847,-0.5003,1.0726,-0.1691,-0.306,-0.5912,0,21.36,17.98,-41.19,318.15,-0.47,6.21,5,994.39,49.514,46.164574,15.869256,786.43,NaN,,4.97,12.226105,319.7,15 / 18,150507,2022-07-31 21:29:05:004
-3.0401,1.5607,11.9462,-1.114,0.4835,9.7312,-1.5897,1.2365,0.631,0.4208,-0.1697,0.0292,0,17.63,21.98,-40.31,325.68,0.24,4.37,5,994.37,43.195,46.164577,15.869239,786.76,NaN,,4.93,12.226105,319.8,14 / 17,151007,2022-07-31 21:29:05:504
1.4429,-0.5198,13.6188,-0.2541,0.7701,9.7731,0.6196,0.2801,0.7834,-0.4026,-0.5766,-0.433,0,17.42,15.69,-42.84,326.32,-6.13,4.28,5,994.41,51.425,46.164577,15.869239,786.76,NaN,,4.93,12.226105,319.8,14 / 17,151508,2022-07-31 21:29:06:005
-1.9807,1.8574,10.1139,-0.2365,0.5052,9.7908,0.0146,0.6603,-3.5875,-0.0541,-0.2641,0.3211,0,10.61,18.47,-41.7,333.65,-2.95,1.38,5,994.37,48.745,46.164585,15.869218,785.08,NaN,,4.97,12.226105,314.8,13 / 16,152008,2022-07-31 21:29:06:505
0.0054,0.0144,8.9683,-1.1058,0.5469,9.7287,0.8201,-0.7152,-3.6868,0.392,-0.3793,0.4828,0,11.66,18.34,-40.71,338.29,-0.89,6.3,5,994.39,41.549,46.164585,15.869218,785.08,NaN,,4.97,12.226105,314.8,13 / 16,152507,2022-07-31 21:29:07:004
-1.6732,1.3172,4.9926,-0.3703,0.3012,9.795,-0.0726,0.7449,-4.2929,0.1358,-0.0053,-0.3577,0,13.43,17.53,-40.28,324.63,1.08,1.09,5,994.38,46.756,46.164593,15.8692,782.81,NaN,,5.11,32.048534,316.2,13 / 16,153007,2022-07-31 21:29:07:504
-0.3182,-0.3757,6.7274,-1.0527,1.0787,9.6901,1.7272,-1.0411,-3.3845,0.5787,-0.2113,0.1128,0,13.74,19.63,-39.62,336.4,-2.23,6.43,5,994.4,49.022,46.164593,15.8692,782.81,NaN,,5.11,32.048534,316.2,13 / 16,153508,2022-07-31 21:29:08:005
-0.4307,0.4816,5.0692,-1.0946,-1.9278,9.5528,0.5376,0.6687,1.7716,0.2585,0.0672,-0.2991,0,15.26,20.79,-38.68,320.38,11.34,6.54,5,994.39,49.971,46.1646,15.869185,782.66,NaN,,5.08,32.048534,325.2,13 / 16,154008,2022-07-31 21:29:08:505
-0.2686,-0.917,7.1163,-0.8421,-0.6093,9.7514,0.0662,-1.1131,0.2032,0.6564,0.3405,0.9362,0,12.43,25.43,-37.05,333.32,4,1.2,5,994.39,40.899,46.1646,15.869185,782.66,NaN,,5.08,32.048534,325.2,13 / 16,154509,2022-07-31 21:29:09:006
1.9424,0.0012,7.9167,-0.3073,-0.8907,9.7613,0.5745,0.0335,0.4126,0.244,0.4048,0.0401,0,12.94,20.79,-39.37,324.38,2.05,-1.54,5,994.38,40.758,46.164608,15.869171,782.91,NaN,,4.97,32.048534,325.7,13 / 18,155008,2022-07-31 21:29:09:505
0.0377,-0.2835,7.2568,-0.8129,0.5709,9.7562,-1.6879,-2.6025,1.5923,1.1254,0.1616,1.5583,0,11.76,21.81,-39.13,338.04,-2.23,3.66,5,994.42,42.38,46.164608,15.869171,782.91,NaN,,4.97,32.048534,325.7,13 / 18,155508,2022-07-31 21:29:10:005
0.661,0.3308,12.6078,0.2476,1.2271,9.7264,0.6227,-0.2061,1.5725,-0.1125,0.4593,-0.757,0,16.01,10.78,-43.22,313.54,-7.19,-1.46,5,994.45,41.154,46.164616,15.869158,779.03,NaN,,5,32.048534,315.4,15 / 18,156008,2022-07-31 21:29:10:505
-4.7551,3.3176,11.8044,-2.4724,2.491,9.1571,-0.481,0.8292,0.9098,-0.0987,1.1785,-0.0875,0,15.99,11.83,-42.94,331.23,-13.19,5.29,5,994.33,39.695,46.164616,15.869158,779.03,NaN,,5,32.048534,315.4,15 / 18,156508,2022-07-31 21:29:11:005
0.061,2.3683,10.0409,-0.6124,2.0329,9.5741,0.412,0.3934,0.2679,-0.1956,0.0835,-0.5368,0,14.63,6.94,-40.93,323.05,-13.4,3.57,5,994.4,35.767,46.164623,15.869146,776.32,NaN,,5.04,32.048534,321.2,15 / 19,157008,2022-07-31 21:29:11:505
-2.8421,2.9862,9.9482,-1.3738,1.7845,9.5446,-0.303,-0.0871,-1.9227,-0.3878,0.1914,-0.0011,0,13.44,10.82,-42.15,339.81,-10.48,8.19,5,994.38,37.595,46.164623,15.869146,776.32,NaN,,5.04,32.048534,321.2,15 / 19,157508,2022-07-31 21:29:12:005
-2.9378,0.853,8.5226,-3.173,1.0006,9.225,0.5624,-1.1671,0.7384,0.1126,-0.4821,-0.002,0,21.68,13.65,-37.22,334.31,-5.86,18.98,5,994.39,38.791,46.16463,15.869135,777.69,NaN,,5,32.048534,320.5,16 / 19,158008,2022-07-31 21:29:12:505
-0.7657,0.7496,9.655,-2.1247,0.5649,9.557,-0.1733,-0.4215,-1.0522,0.3646,-0.2356,0.267,0,23.25,13.99,-38.08,315.73,-3.98,9.51,5,994.4,42.169,46.16463,15.869135,777.69,NaN,,5,32.048534,320.5,16 / 19,158508,2022-07-31 21:29:13:005
-2.0853,2.0847,12.4893,-1.8157,1.1103,9.5729,-0.4616,0.6849,1.6506,-0.3892,-0.0354,-0.039,0,18.6,14.78,-39.79,331.19,-7.64,10.61,5,994.38,34.917,46.16464,15.869129,777.09,NaN,,4.72,32.048534,340.8,14 / 17,159008,2022-07-31 21:29:13:505
-2.68,2.3982,9.1813,-2.0464,1.9439,9.3917,0.7816,-0.6889,-1.742,-0.1531,0.4903,-0.3609,0,19.71,12.66,-39.19,332,-11.43,12.29,5,994.39,39.429,46.16464,15.869129,777.09,NaN,,4.72,32.048534,340.8,14 / 17,159507,2022-07-31 21:29:14:004
